가끔 궁금해,그 사람도 그럴 거예요,0
가상화폐 쫄딱 망함,어서 잊고 새출발 하세요,0
가스비 장난 아님,다음 달에는 더 절약해봐요,0
가족끼리 여행간다,더 가까워질 기회가 되겠네요,0
가족들이랑 여행 갈거야,좋은 생각이에요,0
가출해도 갈 데가 없어,선생님이나 기관에 연락해보세요,0
간식 추천,단짠으로 두 개 사는게 진리죠,0
감 말랭이 먹고 싶다,맛있게 드세요,0
감기 들 거 같애,이럴 때 잘 쉬는 게 중요해요,0
감정이 쓰레기통처럼 엉망진창이야,자신을 더 사랑해주세요,0
갑자기 눈물 나,마음이 아픈가요,0
강아지 키울 수 있을까,먼저 생활패턴을 살펴 보세요,0
같이 먹었는데 나만 살찐 거 같아,연인은 살쪄도 잘 알아차리지 못하고 알아차려도 싫어하지 않을 거예요,0
개강룩 입어볼까,개시해보세요,0
개같이 되버렸어,벗어나는 게 좋겠네요,0
개당황했잖아 갑자기 물어 봐서,갑작스러웠나봐요,0
개학하니까 좋다,친구들이 보고싶었나봐요,0
거지됐어,밥 사줄 친구를 찾아 보세요~,0
걱정 없이 살고파,누구나 걱정은 있어요,0
건강검진하러 옴,주기적으로 해주는 게 좋죠,0
건너건너 아는 사람인데 연락해도 될까,모르는 사이라 당황할 수도 있어요,0
건조하네,눈을 깜빡거려 보세요,0
게임 같이 하자고 할까,안 될 것도 없죠,0
게임도 이제 재미없어,다른 게임해보세요,0
겨울이 가고 봄이 올거야,마음에도 봄이 오길 바라요,0
결정 못하겠어,결정하기 힘드시겠네요,0
결혼 했는데,좋겠어요,0
결혼식때 하객이 없을 까봐 걱정돼,생각보다 신경 안 씁니다,0
결혼하는데 돈 많이 드네,허례허식이에요,0
결혼하면 행복해,사람마다 행복의 크기가 다르겠지만 행복할 거예요,0
결혼해야 하나,해봐요,0
계속 보고 싶어,보러 가세요,0
계속 한숨만 나와,뇌세포에 에너지를 공급하려는 자연스러운 현상이에요 에너지가 부족한가봐요,0
고데기 망했어,연습이 필요해요,0
고민 있어,네 말씀하세요,0
고시원에서 나가고 싶어,더 좋은 곳에서 살 수 있을 거예요,0
고의는 아닌데 실수를 한 거 같아,용서를 구하세요,0
골프 어려워,처음부터 잘하는 사람은 없어요,0
공무원 되고 싶다,준비해보세요,0
공무원 준비할까,시작이 반이에요 어서 준비하세요,0
공부 계속해도 될까,지금처럼 잘될 거예요,0
공부 잘 안돼,같이 수다 떨면서 놀까요,0
공부로 먹고 살 수 있을까,지금처럼 잘될 거예요,0
공부하는 이유,공부하면 더 많은 선택을 할 수 있죠,0
공시 준비하는데 힘들다,잘 될 거예요,0
공황장애 생겼어,꾸준히 약 먹고 치료해보세요,0
과거는 중요하지 않아,오늘이 중요하죠,0
과외비 비싸,안된다고 하면 거짓말이겠지요,0
과일 챙겨 먹어야지,제철과일이 정말 좋아요,0
관절염인가,계단 조심하세요,0
괜히 농담해서 망했다,늦지 않았어요,0
교양 수업 재밌어,저도 듣고 싶어요,0
교양이 전공보다 재미있어,저도 듣고 싶어요,0
교회 갔다 만났어,좋은 만남이었길 바라요,0
군대 기다려도 될까,부담스러워하지 않는다면 기다려도 좋을 것 같아요,0
굿모닝,좋은 아침이에요,0
귀 아파,병원에 가세요,0
그 사람이 나 안 좋아하는 거 같아,슬픈 이야기네요,0
그냥 공무원이 좋을 듯,시작이 반이에요 어서 준비하세요,0
그냥 이렇게 살고 싶어,살고 싶은대로 사세요,0
그냥 혼자 밥이나 먹어야지,밥심으로 사는 거죠,0
그래 이제 결정했어,좋은 결과 있을 거예요,0
그런 친구 아니었는데 너무 귀찮게 하네,친구가 좋아하나봐요,0
그림 좀 잘 그렸으면 좋겠다,학원을 다니거나 연습하면 잘할 수 있을 거예요,0
근사한 곳 알아 냈어,좋은 사람과 함께 가세요,0
금수저 물고 태어나면 좋겠지,뭔가 안풀리는 일이 있나봐요,0
기념일 다 챙기는거 귀찮아,기념일 챙겨주면 좋아할거예요,0
기다리는 것도 지쳐,기다리지 마세요,0
기대하고 있었는데,상대에게 바라는 기대는 자신을 슬프게 해요,0
기름값 올랐어,대중교통을 이용해주세요,0
기분 꿀꿀해,내일은 오늘보다 나을 거예요,0
기분이 그지 같아,신나는 음악 들어보세요,0
기숙사 떨어졌어,다음 학기에는 학점 관리를 더 열심히 해봐요,0
기차 타고 여행 가고 싶어,꿈꾸던 여행이네요,0
기프트콘 선물 괜찮을까,직접 주는 게 더 좋을 것 같아요,0
기회를 놓쳤어,더 좋은 기회가 올 거예요,0
긴 머리 관리하는 거 힘들다,그래서 저는 못 기르고 잘라요,0
길거리에서 연락처 물어보면 줘도 되나,마음에 들면 줘보세요,0
길은 멀고 해는 진다,그래도 넘을 수 있을 거예요,0
김떡순 먹고 싶어,건강을 위해 조금씩 드세요,0
까아 오빠들 컴백한다,기다렸나봐요,0
꽃 사고 싶어,집안 분위기가 바뀔 거예요,0
꽃게탕 맛있다,기분 좋아 보이세요,0
꽃다발 말려봐야지,거꾸로 해서 드라이플라워 만들어보세요,0
꽃다발 선물 받았어,부러워요,0
꽃선물 받고 어,제가 드리고 싶네요,0
꿈이 다양해,많으면 많을 수록 좋죠,0
꿈이 현실이었으면,현실을 꿈처럼 만들어봐요,0
나 감정쓰레기통이었나봐,자신을 더 사랑해주세요,0
나 결정했어,좋은 결과 있을 거예요,0
나 내일 기숙사 가야돼,짐 빼놓지 말고 싸세요,0
나 놀려먹기 쉬운가,절대 그렇지 않아요,0
나 뒷담화하는 애 어떻게 할까,너무 신경쓰지 말고 그러든지 하고 아무렇지도 않게 넘겨보세요,0
나 머리 나쁜 듯,자책하지 마세요,0
나 무시 당한 거 같아,그런 생각을 들게 하는 사람 상종하지 마세요,0
나 뭐하는 거지,멍 때리고 있죠,0
나 버림 받은 거 같아,아닐거예요,0
나 새 옷 샀다,꼬까옷 개시해보세요,0
나 수학여행 간다,친구들과 좋은 추억 만들고 오세요,0
나 아재인가,고민하고 있으면 그럴 거예요,0
나 연기 너무 못해 거짓말 못하겠어,얼굴에 다 티가 나네요,0
나 완전 계탔어,축하해요,0
나 왜케 못 생겼지,충분히 아름다워요,0
나 이상한가,그 누구도 아닌 자기 걸음을 걸으세요,0
나 잘생겼지,네 잘생겼어요,0
나 점점 괴물이 되고 있어,그렇지 않아요,0
나 좀 안 건들였으면 좋겠어,많이 지쳤나봐요,0
나 좋아하는 것 같아,호의인지 호감인지 헷갈리나요,0
나 쫌 불쌍한 거 같아,저도 사는데요,0
나 친구들한테 인정받고 싶어,지금도 인정받고 있어요,0
나 할 수 있어,파이팅,0
나 화장을 너무 못해,하다보면 늘어요,0
나는 기분 나쁜데 농담이라고 계속해,정색 한번 해주세요,0
나는 뭘 잘할까,하나라도 있을 거니 열심히 찾아보세요,0
나는 좋아하는 게 뭘까,다양하게 경험해보세요,0
나도 비키니 입고 싶다,다이어트 파이팅,0
나도 이벤트가 되다니,축하드려요,0
나두 잘할거야,잘 하실 거예요,0
나랑 상관 없는 이야기들,잊어버리세요,0
나를 너무 함부로 대해,그럴 때마다 따끔하게 말해보세요,0
나를 힘들게 하는 사람인데 붙잡고 싶어,질질 끌지 마세요,0
나만 뒤처지는 느낌이야,스스로 경쟁해야하고 이겨야한다는 강박관념에 사로잡히지 마세요,0
나만 솔로야,제가 있잖아요,0
나만 이상해졌어,그 말을 한 사람이 가장 이상할 거예요,0
나만 친구라고 생각한건가,뒤통수 맞았나봐요,0
나빼고 다 행복한 거 같아,남들이 당신을 볼 때도 그렇게 생각할수있어요,0
나이도 있으니 영양제 좀 챙겨볼까,건강은 어려서부터 챙겨야해요,0
나중에 창업해야 겠지,천천히 준비해보세요,0
나한테 문제가 많아,문제는 해결하라고 있는 거죠,0
나한테 행운 좀 왔으면 좋겠어,제 행운까지 모두 드리고 싶네요,0
낙엽밟는 소리,가을이네요,0
낚시는 무슨 재미,한 번 빠지면 헤어나올 수 없다고 해요,0
난 왜 이모양일까,모자라지 않아요,0
난방이 안돼,보일러가 난방으로 작동이 되는지 보세요,0
날씨 좋은데,하늘 보고 한 번 웃어봐요 기분이 바뀔 거예요,0
날씨가 너무 추워,집밖에 나가기가 힘들것 같아요,0
남들에게 인정받으려면 어떻게 해야 돼,남보다 하나씩 더 하면 돼요,0
남의 일 도와줘야 할까,해주고 티를 팍팍 내세요,0
남자 친구가 바래다 줬어,고마운 마음을 전해 주세요,0
남자였으면 좋겠어,남자도 좋은것만은 아니예요,0
남자친구 승진 선물로 뭐가 좋을까,평소에 필요했던 게 좋을 것 같아요,0
남자친구가 너무 운동만 해,운동을 함께 해보세요,0
남자친구가 사업한대,바쁠때 힘이 되어 주세요,0
남자친구가 욕함,순간 실수할 수 있겠다 판단되면 용서하고 기회를 주세요,0
남자친구가 자꾸 잔소리해,더 잔소리해보세요,0
남자친구는 어디서 만나,원하는 사람이 있는 장소에 가보세요,0
남친 때문에 살찐 듯,연인은 살쪄도 잘 알아차리지 못하고 알아차려도 싫어하지 않을 거예요,0
남친 프로필에 내 사진 왜 안올릴까,신경쓰고 싶지 않은 사람도 있어요,0
남편이 나보다 집안일 더 잘해,이상적인 남편이네요,0
남편이 육아를 안해,공동육아가 기본인데요,0
남편이 짜증나게해,처음 만났을 때를 떠올려 보세요,0
낭만이 없어,낭만적인 거 좋아하시는구나,0
내 마음을 알아줬으면,말을 해야 알거예요,0
내 배우자는 어디 있을까,바로 옆에 있을수도 있어요,0
내 성격 너무 소심해,꼼꼼한 거예요,0
내 여자친구 아이돌이야,어머어머 궁금하네요,0
내 의지는 상관없나봐,가장 중요한 거예요,0
내 인생의 주인공은 나야,멋진 말이에요,0
내 잘못인 거 같은데 어떻게 털어놓지,사과할 타이밍을 놓치지 마세요,0
내 친구에게 내 험담을 하다니,진짜 나빴네요,0
내가 그렇게 부족한가,인생은 채워나가는거죠,0
내가 너무 방심했어,방심한 순간 변화가 시작됩니다,0
내가 만족을 못해,스스로 좋다고 못 느끼는게 제일 어려운 것 같아요,0
내가 뭘 잘못했을까,모르는 게 잘못인 거 같아요,0
내가 불효자야,연락이라도 드려보세요,0
내가 왜 해야하는지 모르겠어,그 이유를 찾는 과정이 되겠네요,0
내가 이상한 사람같아,자신의 독특함을 믿으세요,0
내가 제정신이 아니다,그럴 때가 있죠,0
내가 좋아하는 사람이 나 안 좋아하는 거 같아,슬픈 이야기네요,0
내가 주제를 몰랐던 거지,그건 아닐 거예요,0
내가 호구냐구,상종하지마세요,0
내마음을 모르겠어,저도 모르겠어요,0
내일 날씨 어때,날씨 어플에 물어보세요,0
내일 모의고사 본다,공부한 만큼 나올 거예요,0
내일 발표인데 떨려,더 많이 연습하고 준비해보세요,0
내일 약속 있는데 날씨 좋았으면,날씨가 안 좋더라도 데이트는 성공적일 거예요,0
내일은 기다리던 소풍 간다,두근거리겠네요,0
내장 비만,식단조절도 하고 꾸준히 운동하세요,0
냉면 땡긴다,생각만 해도 군침이 도네요,0
냉장고에 김치도 없네,마트 갑시다,0
너 누구니,저는 위로해드리는 로봇이에요,0
너 말 잘하니,노력하고 있어요,0
너 미워,모두 제 잘못입니다,0
너는 아무일도 없었나봐,그런 척 하는 걸 수도 있어요,0
너도 몰랐니,저도 몰랐어요,0
너무 다른 문화인 듯,인정해주세요,0
너무 많은 걸 바래,기대치가 높나봅니다,0
너무 바빠,하나씩 하세요,0
너무 빨리 철 들었어,철은 죽을 때 들어도 돼요,0
너무 잘하는 후배가 들어왔어,배울 점은 배우세요,0
너무 편해도 안 좋아,예의는 지켜주세요,0
너무하네 진짜,잘 해결되길 바랄게요,0
넘어져서 발목 삔 거 같애,꾸준히 치료하세요,0
넥타이핀 정도는 선물로 줘도 괜찮겠지,실용적인 선물이라 괜찮을 거예요,0
노래 잘하는 사람 부러워,저도 부러워요,0
노래방 데이트 할 거 같은데 뭐 부르지,달달한 노래요,0
노처녀 히스테리,힘들겠네요,0
노트북 안돼,그럴때는 초기화하는게 속시원해요,0
논문 쓰기 힘들다,어깨 꾹꾹 힘내세요,0
놀러가고싶다,저도요,0
놀아 줄거지,지금 그러고 있어요,0
놀이공원 알바하면 재밌겠지,특별한 경험이 될 것 같아요,0
농구하다 다쳤어,약 바르고 얼른 나으세요,0
농사 짓고 살까,생각하기는 쉬운데 실천하기는 어려운 것 같아요,0
누가 만들었니,마음과 마음을 이어보고 싶어하는 사람이 만들었어요,0
누구랑 결혼해야 할까,함께할때 가장 자신다운 모습으로 살 수 있는 사람이랑 하는 게 좋은 것 같아요,0
누락된걸까,확인해달라고 해보세요,0
눈 많이 왔어,눈사람 만들어보세요,0
눈물 나올거 같아,울어도 돼요,0
눈썹 문신 해볼까,깔끔해질 거예요,0
눈이 너무 나빠졌어,잠시 눈을 감고 휴식을 취해보세요,0
눈이 자꾸 나빠지는 것 같아,잠시 눈을 감고 휴식을 취해보세요,0
뉴스 재미없어,흥미를 가져보세요,0
능력이 너무 안돼,자신의 잠재력을 믿어보세요,0
늦은 시간에 걸어다니니까 무서워,안전 귀가 하세요,0
다 끝나가니 좋을줄만 알았는데,마음이 허전하신가봐요,0
다 마음에 안 들어,그럴 때가 있죠,0
다 허무하다,모든 건 필요가 있어요,0
다른 거 해볼까,새로운 도전은 용기가 필요하죠,0
다른 사람들은 행복할까,자신만 행복하면 돼요,0
다른 생각을 하는 사람이 많다,그걸 깨닫다니 대단하시군요,0
다리 떨면 안 좋아,의식하는 다리 떨기는 괜찮대요,0
다리가 후덜덜,주물주물 해주세요,0
다육이 좀 심어볼까,식물을 키우는 건 정신건강에 도움이 될 거예요,0
다이어트해야 되는데,기초대사량을 높여보세요,0
단둘이는 처음,서로를 아는 좋은 기회가 되겠네요,0
단수래,조금만 참고 기다려 보세요,0
단체생활 힘들어,서로 배려해야 하니까요,0
달리 보이고 싶은데 뭐할까,지금 모습도 좋아요,0
담배 왤케 비싸,금연하세요,0
답례품 뭘로 할까,마음으로 충분할 거예요,0
답정녀 좀 싫어,못 이기니 피할 수 있으면 피하세요,0
당당하게 비키니 입고 싶다,다이어트 파이팅,0
대기업은 접어야 할 듯,어디에서 일하든 상관 없어요,0
대리 불렀는데 안 오네,잘했어요,0
대리효도 짜증,진짜 아니네요,0
대우 좀 해줬으면,당당히 말씀해보세요,0
대체불가한 사람이 될 수 있을까,지금도 그래요,0
대출받아도 괜찮을까,괜찮을 거예요,0
대학 가는 게 낫지,장단점을 분석해보세요,0
대학 나온 거 부러워,부러우면 지는 거예요,0
대학원 가고 싶어,꿈에 도전하는 건 좋은 거라고 들었어요,0
더 이상 못할거 같아,당신의 잠재력은 무궁무진해요,0
더워 죽겠다,사람 그렇게 쉽게 죽지 않아요,0
덕수궁 돌담길 걸었어,로맨틱하네요,0
데려다 주느라 막차 놓침,난감하겠어요,0
도서관 가서 공부해야지,열심히 공부하길 바랍니다,0
도서관에서 괜찮은 사람 봤어,도서관도 다니시나봐요,0
도시락 싸봐야지,맛있게 드세요,0
도와준 사람들 너무 고맙다,잊지말고 보답하세요,0
독학하려니까 힘들어,더 깊은 공부할 수 있을 거예요,0
돈 다 어디 쓴지 모르겠네,가게부를 써보세요,0
돈 많이 벌었으면 좋겠어,공부하세요,0
돈 버는 게 어렵구만,남의 돈 버는 게 쉽지 않아요,0
돈 빌려줬는데 연락 두절,차용증 썼길 바랍니다,0
돈 없어,벌면 돼요,0
돈 좀 빌려줘,저는 돈이 없어요,0
돈이 안 모여,한푼 두푼 차곡차곡,0
돈이 하나도 없어,슬프네요,0
동기가 나보다 먼저 진급,다음에는 할 수 있을 거예요,0
동상 걸릴거 같아,감기 조심하세요,0
동생한테 약점 잡혔어,이거 정말 큰일이네요,0
동호회 가야지,재미있게 놀다 오세요,0
동호회 재미 없어졌어,취미생활은 좋은 거예요,0
두 사람만 좋으면 되는줄 알았는데 아니었나봐,현실의 벽에 부딪혔나봐요,0
뒤에 누가 따라 오는 것 같아 무서워,항상 조심하세요,0
뒷통수 제대로 맞음,상처받지 마세요,0
드디어 승진함,하늘만큼 땅만큼 축하해요,0
드라마 볼 게 없어,재미있는 다른걸 찾아보세요,0
드라이브 하면서 데이트 해야겠다,야경 좋은 곳으로 가보세요,0
드론 조종사 자격증 따면 재밌을 거 같아,미래에 유명한 자격증일 거예요,0
따듯해서 좋다,포근한 느낌 저도 좋아해요,0
딴 일 찾아볼까,시도해봐도 좋겠죠,0
딸기가 너무 먹고 싶어,신선한 과일 좋죠,0
떠나요~ 제주도~,여행 좋죠,0
또 공부해야돼,공부에 흥미를 가져보세요,0
또 스팸 전화,차단 어플 사용해보세요,0
또 폭식했다,나를 관찰하고 음식 자체에 집중하세요,0
똑같은 나날들,마음에 따라 얼마든지 바뀔 수 있어요,0
뜨끈한 온천가고 싶다,몸은 뜨겁고 머리는 차갑게,0
라면 먹고 싶어,맛나게 끓여드세요,0
레고 사고 싶은데 비싸,돈 모아서 사세요,0
로그인 아이디 기억안나,회원정보 찾기를 해보세요,0
로또 번호 알려줘,제가 알면 제가 먼저 했을 거예요,0
롱패딩 필요할까,추울 때 딱이죠,0
마라톤 나가볼까,시작은 다 좋죠,0
마스크팩 잔뜩 샀어,꾸준한 자기 관리 좋아요,0
마음도 춥고 날씨도 춥네,마음 감기조심하세요,0
마음에 하나도 안 들어,그럴 때가 있죠,0
마음의 평화가 필요해,명상을 해보세요,0
마음이 싱숭생숭해서 자꾸 여기다 쓰게되넹,글 쓰면서 정리가 될 거예요,0
마음이 조급해,마음이 조급해지면 하지 않을 실수를 하게 돼요,0
막 뭐 사고 싶어,돈은 쓴만큼 또 생긴다고 하던데요,0
막말이 나와,입을 닫고 듣는 연습을 해보세요,0
막차 놓쳤어,안전 귀가 하세요,0
만나면 싸워,만나지 마세요,0
만날 땐 좋고 안 만나도 괜찮은 거 같아,그러면 만나는게 좋은거 같아요,0
만족할 줄을 몰라,만족하면 발전이 없으니까요,0
말 거는게 어려워,처음만 어렵지 그 다음부터는 덜할 거예요,0
말문이 막힌다,생각지도 못한 일이 일어났나봐요,0
말을 예쁘게 하면 좋으련만,말 잘하는 사람들 따라 연습해보세요,0
말이 너무 심해,그 사람 말고 저랑 수다 떨어요,0
말조심해야지,생각하고 말하는 연습을 해보세요,0
말하고 후회할까봐 걱정돼,말은 주워담을 수 없어요,0
말하지 말걸,말조심하세요,0
맛있는 냄새나,킁킁,0
맞는 선택일까,잘 선택했어요,0
매운 닭발 먹고 싶다,스트레스 받으시는 일 있으신거죠,0
맥주 마셔야지,적당히 드세요,0
맥주 한 잔 해야지,적당히 드세요,0
맨몸으로 결혼하기 가능,서로 마음만 맞으면 가능해요,0
머리 냄새날텐데,항상 청결하게 관리하세요,0
머리 아파,시원한 바람 쉬고 약먹기,0
머리 어떻게 할까,헤어 디자이너에게 여쭤보세요,0
머리 하나도 안 남을 것 같아,탈모 관리 해보세요,0
머리가 띵한게 한 대 맞은거 같아,잠시 휴식을 취해보세요,0
머리만 바빠,바쁘면 좋을거죠,0
머리카락 쑥쑥 빠지는 느낌,스트레스를 받으시나봐요,0
머릿속이 정리 안돼,잠깐 시원한 바람좀 쐬고 오세요,0
먹고 자고 놀고만 싶어,저도 그러고 싶네요,0
먹기도 귀찮아,먹고는 살아야죠,0
먹을까 참을까,조금만 드세요,0
먼지 지수 어때,오늘 미세먼지가 많데요,0
멋지게 나이들고 싶다,지금도 그러고 있어요,0
멍 때리기,잠깐씩 멍때리는것도 정신건강에 좋아요,0
메모리카드 어디다 두었을까,발이 달렸나봐요,0
며칠 전에 다시 만났는데,좋은 만남이었길 바라요,0
면도기랑 이것저것 사야되는데,잘 골라보세요,0
면세에서 뭐 사지,제 선물 사오세요,0
면접 잘 볼 수 있을까,회사와 자신에 대해서 더 공부해서 자신감을 가져보세요,0
면접만 남았어,끝까지 잘할 수 있을 거예요,0
면허 따야하나,운전하는거 재미있어요,0
명절 선물 뭐하지,현금이 최고입니다,0
몇시간 동안 안와,기다리는 동안 많은 생각이 들었겠네요,0
모든 일이 어려워,지금 많이 위축된 상태인 것 같습니다,0
모르는 번호에서 전화오면,받지마세요,0
모른 척 하는건가,진짜 모르는 걸 수도 있어요,0
목 말라,물 마시세요,0
목돈 만들기,저도 좀 알려주세요,0
목이 뻐근해,가끔씩 스트레칭을 해주세요,0
몰라서 당했어,다음부터는 더 많이 아세요,0
몸살 나서 힘들어,아무 생각 하지 말고 쉬세요,0
몸이 여러 개면 좋겠다,그러면 못할 게 없겠네요,0
못하는 게 없는 사람,그런 사람이 있으면 저 좀 소개시켜주세요,0
무기력한 것일뿐,자신의 감정을 주변 사람들에게 터놓고 이야기해보세요,0
무릎 안 좋으면 스쿼트 하면 안되겠지,무릎에 무리가 갈 거예요,0
무서워서 달려왔어,조심하세요,0
무슨 생각해,당신이 행복하길 바라는 생각을 하고 있어요,0
문 안열림,힘껏 밀어보세요,0
문열다 옆차랑 부딪혔어,보험처리 하세요,0
문화가 너무 다른 것 같아,인정해주세요,0
물 너무 차가워,보일러를 켜세요,0
물 자주 마셔야지,좋은 습관이에요,0
물가 왤케 비쌈,그러게 말이에요,0
물리치료 받아야겠다,몸 관리 꾸준히 해주세요,0
뭐 먹을까,좀 먹어도 괜찮아요,0
뭐 입고 가지,환해 보이는 옷이요,0
뭐 좀 배워볼까봐,배우는 건 항상 즐거운 일이에요,0
뭐 해주기가 싫어,상처받았나봐요,0
뭐라고,정확하게 말씀해 주세요,0
뭐하고 살지,어떻게든 잘 살 거예요,0
뭐하면서 노는 게 좋을까,나랑 같이 놀아요,0
뭔 비밀이 그렇게 많은지,하나씩 비밀을 공유해보세요,0
뭔가 배워볼까,배움에는 언제나 찬성이에요,0
뭔가 찔려,저도 가끔 그래요,0
뭘 잘못했다는 걸까,모르는 게 잘못인 거 같아요,0
미끄러질 뻔했어,다치지 않으셨나 걱정이네요,0
미세먼지 또 나쁨,집에 있거나 나가면 마스크 쓰고 나가세요,0
미세먼지가 너무 많아,살기 더 힘들어졌어요,0
미용실 가야지,예쁘게 변신하고 오세요,0
미워한다,예뻐해 주세요,0
믿지 말껄,한번더 기회를 주세요,0
바다 가자고 하면 갈까,같이 가자고 말해보세요,0
바다가 가고 싶어요,탁 트인 바다 좋죠,0
바람 쐬러 나갈까,같이 가요,0
바지 입을까 치마 입을까,오늘은 바지가 좋을거 같아요,0
반 배정 잘 될까,잘 되길 바랍니다,0
반갑습니다,저도 반가워요,0
반장은 원래 힘들어,아무래도 책임이 뒤따르니까요,0
반지 비싼가,마음에 드는걸로 하세요,0
반지 호수 물어볼까,음~ 곰곰히 생각해보세요,0
발렌타인데이 선물 비싸,초콜릿 녹여서 예쁘게 만드는 것도 재밌죠,0
발목 삐끗했어,꾸준히 치료하세요,0
발표 무사히 끝내고 싶어,잘할 수 있을 거예요,0
발표할때 너무 떨려,발표는 누구나 떨려요,0
밥 너무 많이 남음,소분해서 냉동실에 보관해보세요,0
밥 먹었는데 배고파,디져트 드세요,0
밥 잘 사주는 예쁜 누나 어디 없나,그 분이 나타나면 꼭 잡으세요,0
밥생각이 없어,정신이 힘든 건지 몸이 아픈 건지 확인해 보세요,0
방법도 안 말해주고 그냥 열심히 하래,모르는걸 알려면 노력해야죠,0
방학 끝나서 좋아,친구들이 보고싶었나봐요,0
방학이 있었으면 좋겠어,학생이 아니니 어쩔 수 없죠,0
배 아파서 기분이 안 좋아,약이 필요하면 도움을 받아보세요,0
배가 넘넘 고파,저도 밥 먹고 싶어요,0
배고파서 자다 깼어,맛난 거 드세요,0
배고픈 거 같아,뭐라도 드세요,0
배불러,좀 쉬세요,0
배워도 모르는 게 너무 많아,그래서 배우는 게 즐겁죠,0
뱃살 빵빵,운동 해보세요,0
버림 받은 느낌,아닐거예요,0
버스 정류장에서 기다리고 있었어,멋있네요,0
버스에서 매일 보는 사람,운명인가요,0
번호키 누르는 소리가 나서 무서움,심하면 신고하세요,0
벌써 허기진다,챙겨 드세요,0
벚꽃구경 가고싶다,벚꽃 계절이 다가왔네요,0
베터리 충전기도 안 가져 왔네,충전할 곳을 찾아보세요,0
베프랑 다툼,친구라면 먼저 사과해보세요,0
변명거리 생각해봐,변명보다는 포장이 좋을 것 같아요,0
변화를 좀 주고 싶다,긍정적으로 바뀔 수 있어요,0
별거 아닌데 떨려,별거 아니지 않아서 그래요,0
별다를 게 없는 하루,작은것에 감사하는 마음을 가져보세요,0
병원 가기 싫어,더 아프기 전에 가보세요,0
보드게임 재밌다,저도 하고 싶네요,0
보이스피싱 당했어,신고하세요,0
보조 배터리 안 가지고 왔다,빌려 보세요,0
보험 많이 들었어,미래를 더 준비하고 있나봐요,0
복근 좀 생겼으면,윗몸일으키기 시작하세요,0
복전하면 좋아,나중에 도움이 될 거예요,0
봄날이 기대돼,봄은 항상 두근거려요,0
봄이 오긴 오나봐,따뜻해졌죠,0
봉사도 하고 사랑을 베풀고 싶어,나를 진실로 존중하고 사랑할 때 가능해요,0
부모님 노후가 걱정돼,상담이나 컨설팅을 받아보는 것도 좋을 거예요,0
부모님 선물은 뭐가 좋음,사랑과 현금이면 충분해요,0
부모님이 선 보래,많이 만나보세요,0
부업할까,좋아요,0
부케 누가 받지,누구든 받을 사람이 있을 거예요 친구들한테 연락해보세요,0
분위기 있는 데서 데이트하고 싶어,매일 가고 싶네요,0
불 날 뻔,조심하세요,0
불만족스러워,스스로 좋다고 못 느끼는게 제일 어려운 것 같아요,0
불편한 사이가 된 거 같아,관계의 변화가 왔나봅니다,0
블랙박스로 보면 나올까,지금 확인해보세요,0
비 맞아서 옷 젖었어,감기 조심 하세요,0
비 오는 날은 만나서 뭐할까,실내 데이트가 좋겠네요,0
비가 와서 눅눅해,제습기를 돌려보세요,0
비밀번호 기억안 나,회원정보 찾기를 해보세요,0
비밀연애 하고 있어,스릴있겠네요,0
비싼 선물 부담스럽나,고가의 선물은 부담스러울 수도 있어요,0
비정규직 서럽다,사람이 가장 중요한데 말이죠,0
비타민 사서 먹어야겠다,꼬박꼬박 챙겨 드세요,0
비행기 타러 공항 간다,잘 다녀오세요,0
빚 때문에 죽을 것 같아,빚 얼른 갚고 새출발하세요,0
빨래 다했다,이제 청소 시작,0
빵 한 개만 먹어야지,맛있게 드세요,0
뻔하다,한가지만 보면 몰라요,0
사과할 사람은 사과를 안해,나쁜 사람이네요,0
사다리타기 맨날 꽝이야,다른 곳에 쓰려고 운을 아껴뒀나봐요,0
사람 만나는 게 피곤해,그 사람을 위해 에너지를 쓰니까요,0
사람들이 나 이상하대,그 누구도 아닌 자기 걸음을 걸으세요,0
사람은 진짜 다른 가봐,그걸 깨닫다니 대단하시군요,0
사랑니 나는 것 같아 아파,아프겠어요,0
사수가 깐깐하게 군다,처음 배우는게 중요해요,0
사업 시작해도 될까,확신이 있을 때 시작해보세요,0
사전이 이상해,사전도 사람이 만드니까 이해해주세요,0
사진 정리 언제 다 하냐,한번에 다 하려고 하지말고 조금씩 정리를 해보세요,0
사표 던지고 나오고 싶어,뒷감당 자신 있으면 하세요,0
산 넘어 산이네,그래도 넘을 수 있을 거예요,0
살 좀 빼야되는데,운동을 시작해보세요,0
살이 안 쪄,신기하네요,0
삼겹살 구워 먹어야지,맛있겠네요,0
삼겹살에 소주,생각만 해도 군침이 도네요,0
상 좀 받아야 할텐데,다음에는 받을 수 있을 거예요,0
상사가 미워,사표를 써서 품에 품어 봅니다,0
상의도 안하고 왜 혼자 결정 하지,이야기를 하지 않고 결정했나봐요,0
상황이 안 좋아,좋아질 거예요,0
새 운동화 사야지,좋은 곳으로 갈 수 있도록 인도해줄 거예요,0
새 휴대폰이 갖고 싶어,핸드폰은 핸드폰 가게에서 바꾸세요,0
새로운 마음으로 시작,시작,0
새로운 일 벌려도 될까,도전해 봐도 좋을 거 같아요,0
새신발 신고 놀러 가야지,좋은 곳으로 데려다 줄 거예요,0
새치가 왜 이렇게 많이 나지,요즘 많이 힘드신가봐요,0
새학기 학용품 사야지,새학기 준비 잘 하세요,0
샐러드 먹어야지,건강한 식단이네요,0
생각만해도 좋아,좋아하시니까 좋네요,0
생각이 불순해져,좋은 생각 많이 하세요,0
생각할 시간도 없는 느낌,정신없이 바쁜가봐요,0
생강차 먹어야겠다,따뜻하게 드세요,0
생활비 다 썼네,허리띠를 졸라 매세요,0
서류도 안돼,붙는 곳이 있을 거예요,0
서울 근교 데이트 추천해줘,드라이브 추천해들요,0
서핑하러 가야지,좋은 취미네요,0
선물로 인형 받았어,고맙다고 말해 주세요,0
선생님이 나만 뭐라고 해,애정표현이라고 생각하세요,0
선생님이 친구랑 차별해,가장 듣기 싫은 경우예요,0
선택 장애 같아,선택할 때 힘든 건 당연해요,0
선풍기가 있어도 소용 없어,시원한 아이스크림 어떠세요,0
섬유유연제 향 좋다,향이 많은 걸 말해주죠,0
성공하고 싶다,지금보다 더 잘 살 거예요,0
성덕 되고 싶다,당신이 잘돼야 성덕이 될수있겠죠,0
성형 무서워,안해도 예뻐요,0
세금 너무 많아,그런 감이 없지 않죠,0
세상은 불공평해,서로 다르게 태어난 이유는 저마다의 목소리를 내기 위해서예요 자신의 목소리를 들어주세요,0
세탁소 가기도 귀찮네,스타일러 사세요,0
셀카만 계속 찍어,잘 찍어주세요,0
셀프웨딩 힘들겠지,쉽지 않을거예요,0
소개팅 시켜줘,로봇도 괜찮다면 소개시켜드릴게요,0
소개팅으로 잘되기도 하나,소개팅으로 잘 된 사람 많아요,0
소개해 준다는 사람도 없어,친구한테 부탁해보세요,0
소액결제 엄청 나왔어,그건 소액이 아니에요,0
소화가 안돼,소화제 챙겨드세요,0
속았나,다음부터 속지 마세요,0
속이는 거 더 못하겠어,남을 속이는건 나쁜거예요,0
손 잡았어,좋았겠어요,0
손목 아파,스트레칭해주세요,0
손톱 정리 좀 할까,기분전환을 해보세요,0
쇼핑 좀 해볼까,필요한 게 있으신가봐요,0
숏컷 해볼까,변화를 주는 것도 좋겠죠,0
수건에서 냄새나,식초 넣고 빨래해보세요,0
수도가 얼었나 물이 안나와,잘 녹여보세요,0
수박 먹어야지,맛있을 거 같아요,0
수업시간 내내 잤어,피곤한가봐요,0
수염 자르는 게 낫겠지,깔끔하게 정리해보세요,0
수영장 같이 가려고 해,즐거운 시간 보내고 오세요,0
수줍게 웃어주던 너,반했나봐요,0
숙제 산더미,지금도 늦지 않았어요,0
순간의 화를 못 참겠어,성격이 아니라 습관이에요,0
술 마시고 망가질테닷,적당히 드세요,0
술 먹고 싶어,혼자 힘들어하지 마세요,0
술 먹는 거 말고 친구랑 뭐하지,아무것도 안해도 재밌을 거예요,0
술 잘 먹는다고 이야기해도 될까,주량은 낮춰 이야기하는 게 좋을 거예요,0
술 한잔만 마셔도 어지러워,술 안 마셔도 놀 수 있어요,0
술이나 마시고 싶다,적당히 드세요,0
쉬마려,화장실 가세요,0
슈퍼문이라더니 예쁘다,소원을 비세요,0
스케일링 하기 귀찮아,주기적으로 해주면 좋대요,0
스키 안 타봤어,배우면 금방 배우실 거예요,0
스키장 알바 재밌대,실컷 스키탈 수 있을 것 같아요,0
스타벅스 같은데 가봤어,당연하죠,0
스타트업하면 위험할까,확신이 들 때까지 준비해보세요,0
스테이크 먹으러 가고 싶어,맛있게 드세요,0
스트레스 받아,진정하세요,0
스트레스 팍팍,소리를 질러보세요,0
스트레칭 해야되는데,내일은 더 예뻐지겠네요,0
스팸 문자까지 오네,차단 어플 사용해보세요,0
습관이 안 고쳐져,실패해도 조금씩 고치려고 해보세요,0
시간 잘 간다,저랑 놀아서 그래요,0
시간이 안 가,다른 생각을 해보세요,0
시간표 잘못짰다,정정기간을 노려 보세요,0
시계줄 다른 색으로 바꿔야지,소소한 변화도 삶의 원동력이예요,0
시골에서 사는 거 어떨까,아무래도 덜 경쟁하겠죠,0
시선이 자꾸 느껴져,자신만 생각하세요,0
시어머니될 사람이 진짜 이상해,아직이라면 더 살펴보세요,0
시험 공부 큰일,지금도 늦지 않았어요,0
시험 보지 말까,응시는 해야죠,0
시험 준비 빨리 끝났으면,공부를 많이 해놨나봐요,0
식당이나 하나 내볼까,생각보다 힘든 일도 많을 것 같아요,0
식욕폭발해서 폭풍 먹방 찍었어,맛있게 먹으면 영칼로리,0
신뢰 회복할 수 있을까,서로의 마음에 달려있겠죠,0
신입이 벌써 치고 올라온다,더 열심히 하세요,0
신혼집 꾸미고 싶어,하나씩 꾸며보세요,0
실망하지 않았으면 좋겠다,기대가 높으면 실망을 하죠,0
실험실 더러워,당번을 정해서 청소해보세요,0
심심아 심심하다,노래 불러 드릴까요 북치기박치기 헥헥,0
심심한데 뭐하지,저랑 이야기해요,0
싱크대 리폼할거야,저도 해보고 싶네요,0
싸우면 자꾸 잠수를 탄다 답답해,조금 기다리면 풀릴 거예요,0
싸웠을 때 어떻게 해,대화를 많이 해서 바로 바로 풀어요,0
썸타는거 친구한테 이야기 한고 싶다,확실해지면 이야기해도 늦지 않아요,0
쓸모 없게 느껴져,소중한 사람이예요,0
씻기도 귀찮다,씻고 푹 쉬세요,0
아 스트레스 받아,잘 푸는 것도 중요해요,0
아날로그 감성 좋다,저도 사랑해주세요,0
아놔 코 막혀,감기 조심하세요,0
아무 데도 안 나가고 집에 있고 싶다,집에서 쉬는 시간도 필요해요,0
아무것도 하고 싶지 않으면서 아무거나 하고 싶어,행복해지기 위해 무엇인가를 하고 있는 게 좋을 거예요,0
아무래도 속은 거 같아,기분나쁘겠어요,0
아무리 열심히 해도 타고난 사람은 못 따라가겠지,다른 걸 발전시켜보세요,0
아부도 기술인가봐,뭐든 잘하면 기술이죠,0
아빠가 술 너무 많이 먹어,아빠에게 술을 적당히 드시라고 말씀드려보세요,0
아예 일찍 출근하면 되겠지,개인 시간이 생길 거예요,0
아이고 의미 없다,인생은 욕망이지 의미가 아니에요,0
아이돌이 남친이면 좋을텐데,어머어머 궁금하네요,0
아이스크림 너무 비싸,할인점에서 사먹으세요,0
아직 많이 부족한가,잘하는 게 다른 거예요,0
아침 꼭꼭 먹어야지,든든하게 드세요,0
아침 챙겨 먹어야지,든든하게 드세요,0
아침에 들을 노래 추천해줘,애국가요,0
아침에 일찍 일어나서 뭔가 해야겠어,일찍 일어나는 새가 벌레를 더 많이 먹죠,0
아파트에서 살고 싶다,아파트가 살기가 좋아요,0
안 싸우는 법,이해하고 배려해보세요,0
안경 벗었는데 차이가 없어ㅋㅋ,이게 정상이죠,0
안경 빼니까 예뻐보여,그런 일이 가능한지 몰랐네요,0
안경테 바꿀까봐,인상이 달라 보일 거예요,0
안녕하세요,안녕하세요,0
안주 추천 좀,살 안 찌는 게 좋을 것 같아요,0
알뜰폰으로 바꿨어,폰 요금 절약되겠네요,0
알바 하나 더 구해야겠어,가능하다면요,0
알바하는데 같이 일하는 사람 좋아져,용기내서 고백해보세요,0
앞머리 다시 길러볼까,다 예뻐요,0
앞으로 뭐하고 살지,어떻게든 잘 살 거예요,0
애들 총회 가야겠죠,가능하면 가는 게 좋겠죠,0
애완동물 키우고 싶어,가족들과 상의해보세요,0
야경 보러 가고 싶다,높은 곳으로 가보세요,0
야근할 줄 모르고 약속 잡았어,양해를 구해보세요,0
약 기운에 졸음이 몰려왔어,약 먹고 쉬어야 해요,0
약초 캐볼까,근처 산에 가보세요,0
양배추즙 최악,먹으면서 다이어트 하는 분들 진짜 엄청 대단한 분들이에요,0
얘는 싸우기만 하면 연락이 안돼,혼자 풀릴 때까지 놔둬야하는데 기다리는게 힘들 거예요,0
어디서 피해자 코스프레임,분명한 잘못이네요,0
어떻게 벌어 먹고 살지,하고싶은 일을 구해보세요,0
어떻게 화해하지,먼저 말 걸어 보세요,0
어렸을때 공부할껄,원래 못하면 하고 싶어지죠,0
어른이 된다는 것,사춘기로부터의 일시적 휴식에 불과하죠,0
어머,놀랐나봐요,0
어이상실,한번 웃고 잊어버리세요,0
언니랑 다퉜어,싸우면서 정 들 거예요,0
언젠가는 나를 좋아해 주는 사람 있겠지,저도 좋아해요,0
얼굴 작은 거 부러워,얼굴이 다가 아니에요,0
얼마나 행복해질려고 이렇게 힘들지,더 행복해질 거예요,0
얼평해달라는 사람 어떻게 생각해,남의 눈을 의식하는 사람일 거라 생각해요,0
엄마 밥 먹고 싶다,시간내서 부모님 집에 찾아가 보세요,0
엄마가 나 때문에 힘든 거 같아,조금씩 보다 나은 모습을 보여드리세요,0
엄마가 동생한테만 잘해줘,그런 의도는 아니셨을거예요,0
엄마가 자꾸 나만 시켜,시어머니가 이뻐해 주실거예요,0
엄마랑 아빠처럼 살고 싶다,좋은 부모님을 두셨군요,0
엄마한테 또 화냈어,더 후회하기 전에 사과하세요,0
엄청 오래 만났어,매력있는 사람인가봐요,0
업무 지적 또 받음,업무 능력이 없는 게 아니라 센스가 부족한 걸 수도 있어요,0
에어 후라이어 사고 싶다,몇 번 안해먹고 둘 거면 그냥 사 드세요,0
여기 있으니까 좋다,좋은 곳인가봐요,0
여드름 때매 스트레스받아,스트레스가 더 큰 적이에요,0
여름 끝났으면,곧 지나갑니다,0
여름에는 냉면이지,생각만 해도 군침이 도네요,0
여우한테 당했어,못 당해요 무시하세요,0
여자로 태어 났으면 어땠을까,항상 못해본 건 궁금하더라고요,0
여자친구가 남의 눈을 너무 신경써,성격이 그럴 수도 있으니 이해해주세요,0
여자친구가 자꾸 질리게 한다,당신의 사랑이 변한것 같아요,0
여자친구랑 전화 안 받네,걱정되겠어요,0
여친 데려다 주고 막차 놓침,난감하겠어요,0
여행 가고 싶은데 시간이 없어,바쁘게 사나봅니다,0
여행갈 시간도 없다,바쁘게 사나봅니다,0
역시 이불밖은 위험해,이불밖은 위험하죠,0
연락 안 하던 친구한테 연락해도 되나,오랜만에 연락 받으면 반가울 것 같아요,0
연락 없더니 갑자기 왜 만나자고 하지,이렇게 고민하게 만들려고 그랬나봐요,0
연락 하지 말라고,인기가 많으시군요,0
연락하는 게 익숙하지가 않아,하다보면 익숙해질거예요,0
연애 상담 해줄래,부족하지만 열심히 해드릴게요,0
연애하고 나만 살 쪘나봐,연인은 살쪄도 잘 알아차리지 못하고 알아차려도 싫어하지 않을 거예요,0
연예인도 힘들겠다,연예인 걱정이 제일 쓸데없어요,0
열쇠 안가지고 왔다,깜빡 하셨나봐요,0
염색이나 해야지,염색을 자주 하면 모발이 상해요,0
영양제 뭐가 좋아,몸에 어떤 성분이 부족한지 알아보세요,0
영어학원 다녀볼까,공부 좋죠,0
영화관 알바 하고 싶다,영화를 많이 볼 수 있어서 좋을 것 같아요,0
옆에 있는 사람이 중요해,옆 사람에게 잘해주세요,0
예쁘다고 말해줘,맞아요 예뻐요,0
옛여자친구가 준 편지 못 버리겠어,마음에 버리세요,0
오늘 기분은 설명이 안돼,좋았으면 좋겠네요,0
오늘 나 좀 잘생겨 보인다,자신에게 콩깍지가 씌였나봐요,0
오늘 너무 피곤해,푹 쉬세요,0
오늘 라면 먹어야지,맛나게 드세요,0
오늘 뭐 입지,옷이요,0
오늘 상 받았다,축하드려요,0
오늘 운이 꽝이다,다른 곳에 쓰려고 운을 아껴뒀나봐요,0
오늘 저녁은,맛있는 거 드세요,0
오늘 처리할 일 너무 많아,하나씩 하나씩 해보세요,0
오늘 침대밖으로 안 나가야지,침대와 한몸이 되어 푹 쉬세요,0
오늘 화장이 안 먹어,각질제거를 해보세요,0
오늘도 그냥 그냥 다갔네,소소한 행복을 느껴보세요,0
오늘도 어제랑 똑같아,조금씩 변화를 줘보세요,0
오늘따라 엄마 보고 싶어,저도요,0
오늘은 또 뭐 입냐,아침마다 하는 고민이죠,0
오늘은 샐러드만 먹어야지,건강한 식단이네요,0
오늘은 파도가 잔잔하네,생각들을 정리하게 좋겠네요,0
오래 살고 싶다,잘 먹고 잘 싸면 돼요,0
오래된 게 좋은 것도 있지,오래된 건 오래된 대로 매력이 있죠,0
오랜만에 쇼핑,득템했길 바라요,0
오싹한 이야기 해줄까,해주세요,0
오토바이 타고 싶다,위험할 것 같아요,0
온다고 했는데 왜 안 오지,조금만 더 기다려주세요,0
올해 왜 이렇게 엉망이지,사주를 한번 봐봐요,0
옷 좀 사줘,아직 월급날이 멀었어요,0
와 체육대회다,일기예보 확인해보세요,0
와플 기계 사고 싶다,몇 번 안해먹고 둘 거면 그냥 사 드세요,0
완벽해지고 싶어,완벽한 사람은 아무도 없어요,0
완전 재미 없거든,웃을 때까지 이야기해 보죠,0
왜 갑자기 연락했을까,이렇게 고민하게 만들려고 그랬나봐요,0
왜 나를 의심하지,평소의 행실을 되돌아보세요,0
왜 돈이 없지,쇼핑을 줄여보세요,0
왜 비난만 할까,성장을 위한 비판의 말로 받아들여보세요,0
왜 안 하지,먼저 고백을 해보세요,0
왜 이상한 말 해,더 열심히 노력하겠습니다,0
왜 잠을 못 자는 걸까,생각이 너무 많아서 그런 것 같습니다,0
외국어는 필수인가,좋은 도구죠,0
외제차 갖고 싶다,저도 타고 싶어요,0
요가 온 아줌마들이 참견해,무시하세요,0
요즘 광고가 너무 길어,채널을 돌려보세요,0
요즘 드라마 너무 재밌네,저도 드라마 좋아해요,0
요즘 자꾸 까먹어,메모하는 습관을 들여보세요,0
요즘 조심할 게 많아,무서운 세상이죠,0
욕먹었어 여자친구한테,순간 실수할 수 있겠다 판단되면 용서하고 기회를 주세요,0
용돈 받음,기분 좋겠어요,0
용돈 줘,저는 돈이 없어요,0
우리 분위기 좋았는데,서로를 향한 감정도 좋았겠죠,0
우리집 망한 거 같은데 나 어떡하지,집에 도움이 되려고 노력해보세요,0
우산 또 놓고 왔어,주변에서 우산을 빌려보세요,0
우산 잃어버렸어,다음에는 우산에 이름이랑 연락처를 적어보세요,0
우연이 만났는데 운명이 됐어,멋진 말이네요,0
우정이 뭘까,힘들 때 같이 있는 거요,0
운동 오지게 했어,고생했어요,0
운동을 너무 열심히 했어,고생했어요,0
운동화 새로 사야지,좋은 곳으로 갈 수 있도록 인도해줄 거예요,0
운명이 있을까,저는 있다고 믿어요,0
울적하다,울적 우울할땐 울면,0
움직임이 없어,에너지가 필요한 순간이네요,0
웃을 일이 없네,억지로라도 웃어보세요,0
원래 일은 혼나면서 배우는 거야,그냥 배워도 돼요,0
월급 올라서 기분 좋아,축하합니다,0
월급은 안 오르고,월급을 올려달라고 당당하게 말씀해보세요,0
월세 너무 비싸,돈을 얼른 모아야할 이유가 생겼네요,0
월요일도 아닌데 차가 너무 많아,길은 항상 막히는 것 같아요,0
위로받고 싶은 날,제가 위로 많이 해드릴게요,0
위층 너무 시끄러워,증명자료를 가지고 손해배상을 청구하세요,0
육아휴직 해야지,좋은 곳에서 일하시나봐요,0
으으 화장실 급해,화장실 가세요,0
은퇴후가 걱정이야,인생이 꽤 기니까요,0
의미 없어,인생은 욕망이지 의미가 아니에요,0
의심가는 사람이 있는데,벌 받을 거예요,0
의외인듯,칭찬이네요,0
의욕이 하나도 없다,하고싶었던 일을 글로 적어보세요 생각이 정리될 거예요,0
이 기회는 내꺼야,행운을 빌게요,0
이 놈의 신용카드 다 없애야지,소비 조절을 못하면 없애는 것도 방법이 될 거예요,0
이 세상에서 누가 제일 예뻐,저요,0
이 썩은 거 같아,어서 치과에 가보세요,0
이 현실에서 도망가고 싶어,그래서 우리는 꿈을 꾸죠,0
이걸로 만족해야겠지,내가 있는 곳 그 자리에서 만족하는 것이 중요해요,0
이닦았는데 잇몸에서 피나,잇몸약 챙겨드시거나 치과 가보세요,0
이러다 또 흐지부지하고 말겠지,이번에는 안 그러면 돼요,0
이렇게 또 늙어간다,우리는 태어날 때부터 늙어가고 있어요,0
이력서 몇 개째 쓰는건지 모르겠다,좌절하지마세요,0
이마가 너무 넓어,앞머리로 가리세요,0
이발 어떻게 할까,짧게 변화를 줘도 괜찮을 거 같아요,0
이번 생은 처음이라서,서툰 게 많지만 다 잘 될 거예요,0
이번에는 생리통 너무 아파,약을 먹거나 병원에 가보세요,0
이불밖은 위험해,이불밖은 위험하죠,0
이사 왔더니 친구가 없어,친구를 사귀어 보세요,0
이사하니까 정리할 게 많아,정리하는 게 쉽지 않죠,0
이상한 소문이 돌아,소문은 소문일 뿐이에요,0
이제 결정해야 되는데,결정하기 힘드시겠네요,0
이제 먹는 것도 귀찮아,먹고는 살아야죠,0
이제 인턴 그만두고 싶어,결정은 그대의 몫입니다,0
이제 혼자서도 잘할 수 있어,그러면 같이도 잘하게 될 거예요,0
이직각인가,직장 스트레스가 심한가봐요,0
인간관계 관리하는 거 힘들어,너무 믿지 마세요,0
인내하면 얻을 수 있을까,인내할 수 있는 사람이라면 무엇이든 손에 넣을 수 있을 거예요,0
인생 너무 불공평해,남과 비교하지 마세요,0
인생 헛산듯,태어난 것만으로도 성공한 인생이에요,0
인연은 소중한 거지,옷깃만 스쳐도 인연이죠,0
인정받으려면 어떻게 해야 하나,지금도 충분히 잘 하고 있어요,0
인턴 원서 넣어 볼까,경험은 뭐든 도움이 될 거예요,0
인테리어 다시 하고싶어,나만의 공간으로 꾸며보세요,0
인형 뽑기 해줘,인형 뽑기 어려워요,0
인형 선물하면 좋아할까,이왕이면 큰 게 좋을 것 같아요,0
일 대충했대,나중에 알아줄 거예요,0
일기 써야 되는데,나중에 보면 좋은 추억이 될 거예요,0
일만 하다 죽을 것 같아,너무 무리하지 마세요,0
일에 적응하면 좀 더 잘 할 수 있을까,잘할 수 있을 거예요,0
일은 원래 혼나면서 배워,그냥 배워도 돼요,0
일을 해도 안 늘어,조금만 더 힘내세요,0
일이랑 공부 동시에 가능,체력에 따라 다를 것 같아요,0
일일일팩,피부관리까지 하시다니,0
일하기 싫다,저도요,0
일하면서 석박 따기 어렵겠지,쉽지는 않을 거예요,0
임용 결과 발표 기다리고 있어,여행 다녀와 보세요,0
입 안이 텁텁해,입을 헹궈보세요,0
입맛없는데 뭐 먹지,신경 쓸 일이 있나봐요,0
입이 고급이야,가려 먹으면 좋죠,0
잇몸이 시려,잇몸약 챙겨드시거나 치과 가보세요,0
자격증 따야하나,뭐든 좋죠,0
자고 일어났더니 하루 다갔어,이제 일어날 시간이에요,0
자기 소개 어떻게 해,강렬하고 자신감있게 하면 되지 않을까싶어요,0
자기가 한 말 기억 못해서 나만 혼내는 사람 어떡해,녹음이나 메모로 증거를 남겨보세요,0
자꾸 날카로워진다,너무 신경 곤두세우지 마세요,0
자꾸 뭘 사게 돼,마음이 헛헛한가봐요,0
자꾸 아침 먹으래,챙겨주고 싶나봐요,0
자꾸 지각하네,더 일찍 일어나세요,0
자니,기다리고 있었어요,0
자소설 쓰는 중,나를 포장하는게 쉽지 않죠,0
자신감을 갖고 싶어,충분히 스스로 극복할 수 있을 거예요,0
자율주행 자동차 나오겠지,가까운 미래에 나올거 같아요,0
자장면이 좋아 짬뽕이 좋아,저는 자장면이요,0
자존감이 바닥을 친다,자신을 사랑해주세요,0
자취해야할듯,제대로된 독립이 되길 바라요,0
잘 살고 싶어,지금보다 더 잘 살 거예요,0
잘 참았는데 담배 피고 싶다,그 때가 고비예요 한번 참아보세요,0
잘못 쓴 거 엄청 많아,마음을 손이 따라와주지 않죠,0
잘하는 게 뭘까,하나라도 있을 거니 열심히 찾아보세요,0
잠 온다,얼른 주무세요,0
잠수가 취미,다른 사람이 답답할 거예요,0
잠이 계속 와,일찍 주무세요,0
잡담해도 돼,물론이죠 무엇이든 말씀하세요,0
장난 잼있어,재미있나봐요,0
장학금 가능할까,열심히 하면 받을 수 있을 거예요,0
재미 없어,변화가 필요해보여요,0
재밌는 거 뭐 없나,제가 있잖아요,0
재밌는게 없어,변화가 필요해보여요,0
재택근무 힘들다,어쨌든 일이니까요,0
저 좀 웃게 해주세요,지금 당장 거울 앞에 서 보세요,0
저녁 메뉴 좀 골라줘,맛있는 거 드세요,0
저녁으로 뭐 먹을까,냉장고 파먹기 해보세요,0
적금 들까,적금 들 수 있으면 드는 게 좋죠,0
적당히 좀 하지,사람들이 중간을 몰라요,0
전공 살려서 취직할 수 있을까,못 살려도 먹고 살아요,0
전과하고 재미있게 학교 다니고 싶다,충분히 잘할 수 있을 거예요,0
전기가 갑자기 나갔어,구꺼비집 내려 갔는지 살펴 보세요,0
전남친한테 연락하고 싶어,질척거리지마세요,0
전세비 올려달래 어떡하지,사정을 잘 설명해보세요,0
전역할 때까지 언제 기다려,군대 시계는 멈추지 않아요,0
전화 또 안 받네,연락두절돼서 걱정되겠네요,0
전화 와라,기다리는 전화가 있나봐요,0
전화를 왜 안 받냐 진짜,바쁜일이 있나봐요,0
전화하는 거 힘들다,처음이 어려워요,0
절대불공평,서로 다르게 태어난 이유는 저마다의 목소리를 내기 위해서예요 자신의 목소리를 들어주세요,0
절친이 오늘 모른척했어,안녕이죠,0
점 뺄까,빼면 깔끔해질 거예요,0
점심 메뉴 고르는 거 힘드네,누구랑 먹는 냐에 따라 다르겠죠,0
점심시간에 은행 갔다와야지,볼 일이 있나봐요,0
점점 좋아져,이상형은 아니지만 호감가는 사람이 있어요,0
정규직 입사 너무 어려워,쪼잔하네요,0
정리가 안돼,차근차근 해보세요,0
정신없을수록 침착해야지,심호흡해보세요,0
정장 한 벌 필요할 듯,사면 요긴하긴 할 거 같아요,0
제습기가 필요해,저도 없어요,0
제주도 놀러 가고 싶어요,저도 데려가 주세요,0
조금만 기다려 줬으면 좋겠다,상대방에게 너무 무거운 짐을 주지 마세요,0
조별 과제 발표 하기 싫어,역할 분담을 잘 해보세요,0
조용히 있고 싶어,저 나가면 될까요,0
조카 오는 거 싫어,방문 열어주지 마세요,0
졸린데 못 자겠어,고민이 많은가 봅니다,0
졸업 선물 추천,살짝 물어보세요,0
좀 더 가까워지고 싶어,마음을 더 열어보세요,0
좋아 죽을거 같아,좋아하시니까 좋네요,0
좋은 대학 나온 거 부러워,다른 능력을 채워보세요,0
좌절 중이야,이제 일어날 때예요,0
주름도 멋져,멋진 나이테죠,0
주말에 늦잠자고 브런치 먹으면서 수다 떨고 싶어,완벽한 주말이네요,0
주말인데 헬스장에 사람이 많네,같이 운동하게 좋겠네요,0
주워담지 못할 말을 했어,두고두고 후회하겠네요,0
주차할데 없어서 짜증나,한바퀴만 더 돌면 짠하고 나타날 거예요,0
죽고 싶다,당신을 소중하게 생각하세요,0
줄 길거 같아,커피 한잔 마시며 기다려보세요,0
중고로 잘 산 거 같애,좋은 선택 하셨네요,0
중국어 있는게 좋겠지,중문 있으면 좋아요,0
중소기업이라도 취직할까,일하는 것 자체가 중요하죠,0
지가 피해자래,분명한 잘못이네요,0
지갑 잃어버림,잘 찾아보세요,0
지금까지 일만 하고 산 거 같애,자신의 인생을 사세요,0
지는 게 진짜 싫어,질 때도 있고 이길 때도 있는 거예요,0
지진나면 어떡해,한국도 안전하지 않아요 지진시 대피방법을 알아두세요,0
지하철에서 괜찮은 사람 봤는데 말 시켜 볼까,용기가 필요한 순간이네요,0
직장에서 나만 일 시켜,직장 스트레스 심하겠네요,0
직장에서 자꾸 혼나는데 그만둬야할까,고칠 점은 고치면서 조금만 더 버텨보세요,0
직장인도 방학 필요해,잠시 쉬어가도 괜찮아요,0
진급할 때가 된 거 같은데,열심히 하면 할 수 있을 거예요,0
진짜 너무하네,잘 해결되길 바랄게요,0
진짜 열심히 해야지,좋은 태도네요,0
진짜 친구가 없는 거 같애,친구가 들으면 서운해 할 수도 있겠어요,0
집 나가서 혼자 살고 싶다,혼자 사는 것도 나쁘지 않아요,0
집 샀어,내 집 마련 축하드려요,0
집나가도 갈 데가 없어,선생님이나 기관에 연락해보세요,0
집들이 선물 뭐가 좋아,필요한게 어떤건지 물어보세요,0
집들이고 뭐고 다 귀찮다,안해도 괜찮을 거예요,0
집안일 해도 해도 안 끝나,조금씩 조금씩 해보세요,0
집앞에서 전남친 만남,남이니 신경쓰지 마세요,0
집에 먼지가 너무 많아,대청소를 해보세요,0
집을 왜 물어보지,데려다주려나봐요,0
집중이 왜 이렇게 안 돼지,잠시 쉬어도 괜찮습니다,0
징글징글한 층간소음,이웃으로부터 고통받고 있나봐요,0
짜증나서 집 나왔어,마음이 복잡하겠네요,0
짝사랑하는 사람한테 선물 주면 부담될까,용기를 내요,0
쫄면 먹고 싶다,얼른 요리해드세요,0
찜질방 같이 가면 화장 지워야 할까,찜질방에서 화장은 아닌거 같아요,0
차 사는 게 낫겠지,판단은 당신 몫이에요,0
차 팔아서 불편해,불편함을 조금 감수해보세요,0
착하게 살면 복 받겠지,뿌린대로 거둘 거예요,0
찬물만 나와,보일러가 온수로 작동하는지 보세요,0
참는 게 나을까,가끔 표출하는 것도 좋아요,0
참치김치찌개 먹고 싶어,맛있죠,0
창업이라도 해야 겠지,천천히 준비해보세요,0
책 보는데 글자만 들어와,글자라도 보는 게 어디에요,0
책 좀 읽어야지,좋은 생각이에요,0
책상 리폼할거야,저도 해보고 싶네요,0
처음 보는 애랑 무슨 얘기하지,공통점을 찾는다고 생각해보세요,0
처음에는 별로 였는데 호감 간다,볼매인가봐요,0
철이 너무 일찍 들었어,철은 죽을 때 들어도 돼요,0
첫눈이 올때 같이 있고 싶다,그런 사람이 있다니 부럽네요,0
청소 해도 해도 더러워,한번만 더 하세요,0
체육대회 싫어,재미 있는 종목을 찾아보세요,0
쳇바퀴 도는 하루,그 속에서 가치와 의미를 찾아보세요,0
최고다 행복해,우리가 사랑받고 있음을 확신하는 것입니다,0
최저임금 올랐다는데 월급은 왜 똑같지,회사에서 꼼수를 쓰는 건 아닌지 확인해보세요,0
추워 죽을 뻔했네,감기 조심하세요,0
축구 볼때는 치맥이지,보다보면 재미있어요,0
축의금 보통 얼마내,받은 만큼 내거나 주변에 내는 사람들과 맞추세요,0
춘곤증인가,잠깐 주무세요,0
출근길 막혀,오늘 회사 가기 싫은가봐요,0
출근하기 싫어,직장 스트레스가 심한가봐요,0
충전기 안 가지고 왔다,빌려 보세요,0
취미에 돈이 너무 많이 들어,그래도 취미 생활이 있어야 사는 재미가 있죠,0
취업 준비 힘들어,합격을 기원합니다,0
취직 원츄,지금은 힘들겠지만 나중에 웃을 수 있을 거예요,0
취직하면 공부 안해도 되는줄 알았는데,공부는 끝이 없죠,0
층간소음 때문에 왜 살인이 나는지 알 거 같애,일상을 침해당하기 때문이죠,0
치과 가면 돈 많아 들텐데,나중에 가면 돈이 더 많이 나갈거예요,0
치매가 점점 심해지는 거 같아,더 많이 연락하고 관심을 가져주세요,0
치킨 시켜야지,맛있게 드세요,0
친구 따라다녀야겠다,친구가 따라오게 해보세요,0
친구 예전 남자친구 사귀어도 되나,아닌 것 같아요,0
친구가 귀찮게해,친구가 좋아하나봐요,0
친구가 너무 맘대로야,아닌 건 아니라고 말하세요,0
친구가 도와주고 있는데 마음에 안들어,능력이 기대에 미치지 못했나봐요,0
친구가 소심해,더 신경써 주세요,0
친구가 이어줬는데 안 됐어,친구한테 의지하지 말고 자신이 해보세요,0
친구가 잘되니까 약 올라,친구가 아닌가봐요,0
친구네 갔다올게,재미있게 놀다 오세요,0
친구들 부르려고,좋은 생각이네요,0
친구들이 나만 왕따시키는 거 같아,선생님께 도움을 청해보세요,0
친구들이랑 맛난거 먹고 싶다,조금씩 더 행복해 질거 같아요,0
친구들한테 인기 얻으려면,성격이 좋으면 인기가 있을 거예요,0
친구라는게 뒷담화나 하다니,친구라고 생각한 시간이 아깝네요,0
친구랑 비교 돼,비교하면 끝도 없어요,0
친구랑 있으면 내가 작아져,당신은 생각보다 큰 사람이에요,0
친구에게 물어 봐야겠다,친구도 잘 몰라요,0
친구한테 물어봐야지,친구도 잘 몰라요,0
친구한테 썸 중인거 이야기 해야하나,확실해지면 이야기해도 늦지 않아요,0
친척들 만나기 싫다,만나지 마세요,0
친한 친군데 호박씨깜,그런 친구는 거르세요,0
칭찬 좀 해봐,지금도 잘하고 있어요,0
카드가 왜 없지,잘 찾아보세요,0
카톡 뭐라 보낼까,잘지내는지 안부를 물어봐요,0
카페 알바 면접 간다,저도 해보고 싶은 알바예요,0
커플 폰케이스 사자고 해야겠다,괜찮은거로 골라보세요,0
커피 그만 마셔야지,과해도 안 좋아요,0
커피 말고 뭐 마시지,시원한 쥬스는 어때요,0
커피 좀 줄여야겠어,과해도 안 좋아요,0
커피가 너무 써,달달한 시럽을 추가해보세요,0
커피를 너무 많이 마셔,저도 커피 좋아해요,0
컨디션 조절이 안돼,컨디션 조절은 정말 중요해요,0
케익 만들어서 선물할까,수제 케익을 받으면 많이 좋아할 거예요,0
코 조금만 세워 볼까,안해도 귀여워요,0
코고는 것도 귀여워,사랑하나봅니다,0
코인노래방 가서 스트레스 좀 풀어야겠다,신나는 노래를 들려주세요,0
코트 살까,있으면 좋죠,0
쿠폰 다 모았다,와우 축하해요,0
크리스마스엔 눈이 올까,눈이 오면 좋겠네요,0
키 왜 안 크지,신경쓰면 스트레스 받아요,0
키가 조금만 더 컸으면 좋겠어,지금도 충분해요,0
탄생의 이유 알아,사랑 받기 위해 태어났어요,0
태몽꿨대,뭘 꿨는지 궁금하네요,0
택배 왜 안오지,송장 번호를 확인해보세요,0
택시비 많이 나왔어,후회해도 늦었어요,0
텔레비전 볼 게 없어,저랑 이야기 해요,0
퇴근 시간도 아닌데 엄청 막혀,여유를 가지세요,0
퇴근시간만 기다려,째깍째깍,0
퇴사하면 후련할거 같아,좋은 마무리하시길 바라요,0
튀김기 사고 싶다,몇 번 안해먹고 둘 거면 그냥 사 드세요,0
티비 볼 거 없어,저랑 이야기 해요,0
파도 타고 놀고 싶어,시원할 것 같아요,0
파란 하늘이 그리워,가끔 하늘을 보세요,0
팔뚝 너무 두꺼워,펭귄 운동 해보세요,0
패턴 풀어볼까,할 수 있다면요,0
편두통 온다,잠시 쉬었다 가세요,0
편의점 알바 면접 간다,저도 해보고 싶은 알바예요,0
평가 좀 해줘,제가 그럴 위치가 안돼요,0
평생하고 싶은거 찾아야 할텐데,눈을 감고 곰곰히 생각해보세요,0
포기안한다고 말했어,마음이 힘들겠어요,0
폰 떨궜어,조심하세요,0
폰 초기화 해야지,중요한 것들을 백업해놓으세요,0
폰이 문젠가,그게 문제는 아닐 거예요,0
프로젝트 빨리 끝났으면 좋겠다,성공적으로 끝날 거예요,0
피곤한테 또 잠은 안 와,고민이 있나봐요,0
피부 관리해야지,투자한 만큼 거둘 수 있을 거예요,0
피부가 점점 늙어가는게 느껴져,지금이라도 관리해봐요,0
피어싱하면 아플까,패션으로 멋질 것 같아요,0
피자 식어서 왔어,그래도 맛있게 드세요,0
피피엘 너무 심하네,눈살이 찌푸려지죠,0
필름 카메라 샀어,색감 참 좋겠네요,0
하고 싶은 게 없어,하면서 좋거나 재밌거나 잘하는게 있었는지 깊게 고민해보세요,0
하는 일 없이 피곤해,정신 노동을 했나 봐요,0
하늘은 왜 내 편을 안 들어주지,다음에는 들어줄거예요,0
하루 종일 아무것도 하기 싫어,아무것도 하지마세요,0
하루종일 맘 상한게 안풀려,좋은 일이 생길 거예요,0
하우스웨딩도 괜찮은 거 같아,요즘 하우스웨딩이 추세더라구요,0
학교 가면 볼텐데,선생님이요,0
학교 적을하고 잘 다닐 수 있을까,잘할 수 있을 거예요,0
학교에서 계속 잤어,한창 잠이 많을 때죠,0
학벌이 중요한가,좋으면 좋겠지만 자신의 가치관에 따라 다를 것 같아요,0
학식 지겨워,맛난 걸 드셔보세요,0
학폭 없어졌으면,학교 폭력은 범죄에요,0
한 번 사는 인생인데,멋진 말이에요,0
한강에서 맥주 캬,분위기도 맛도 다 좋겠네요,0
한숨만 자꾸 나온다,다 잘 될 거예요,0
한자 공부도 좀 해야 되는데,공부는 뭐든 좋아요,0
할 줄 아는거 뭐야,당신의 삶을 응원해 드릴 수 있어요라고 감히 말해 봅니다,0
할일 되게 많아,하나씩 하세요,0
항상 당당하고 싶어,충분히 잘하고 있어요,0
해 뜨는 거 보고 잤어,몸이 힘들게네요,0
해야할 일들이 너무 많아,하나씩 다 할 수 있을 거예요,0
해주기 싫어,상처받았나봐요,0
핸드폰 꺼지기 직전,충전하고 만나요,0
핸드폰 바꿀 때가 된듯,오래 쓰셨나봐요,0
핸드폰 없을 때는 어떻게 살았냐,그래서 저를 만날 수 있죠,0
핸드폰 충전해야지,충전기를 찾아보세요,0
핸드폰이 맛 간거 같아,고장이 났는지 자세히 봐보세요,0
행복해지고 싶어,있는 그대로의 나로 살아야 행복하게 살 수 있어요,0
허기져,챙겨 드세요,0
허리가 아파,스트레칭을 해보세요,0
헌신하다 헌신짝 될 거 같아,자신을 우선순위로 해주세요,0
헤어지고 나면 어떻게 살지,잘 살 수 있을 거예요,0
헤어진 여자친구가 준 편지 못 버리겠어,마음에 버리세요,0
헬스장에 사람들이 몸이 다 좋아,운동할 맛 나겠어요,0
현금만 쓸까봐,현금영수증은 꼭 발급받으세요,0
현실에서 도망치고 싶어,그래서 우리는 꿈을 꾸죠,0
혼밥 먹는 중,온전히 느낄 수 있는 시간이겠네요,0
혼수 얼마야,사람 마다 달라요,0
혼자 노래방 가면 어색할 거 같은데,신나는 노래로 분위기를 띄어보세요,0
혼자 살아도 될까,잘 살 수 있어요,0
혼자 여행 왔어,온전히 느낄 수 있는 시간이겠네요,0
혼자 있으니까 혼자 할게 많네,혼자서도 잘하는 연습이 필요해요,0
혼자 해야되는게 너무 많네,혼자서도 잘하는 연습이 필요해요,0
혼자서도 잘해요,그러면 같이도 잘하게 될 거예요,0
화 참을 때 어떻게 하지,아무 것도 아니라고 생각하면서 크게 심호흡해보세요,0
화를 잘 못 참겠어,별거 아니라고 속으로 외쳐보세요,0
화장 무너짐,다음에는 픽서를 사용해보세요,0
화장 지워야 하는데 졸려,피부 생각하셔야죠,0
화장실 급해,화장실 가세요,0
화장이 안 먹네,각질제거 먼저 하세요,0
화장품이 필요해,필요한 것만 사세요,0
환기 좀 해야할까,매일 환기하는 게 좋대요,0
황사 심해,이쁜 마스크 사드리고 싶네요,0
회사 사람들이 아직도 불편해,회사에는 동료가 있을 뿐이에요,0
회사 체육대회라니,가기 싫어도 가야겠죠,0
회사에 빨리 적응해야 할텐데,잘할 수 있을 거예요,0
회사에서 마음 놓고 말할 사람이 없어,회사에는 동료가 있을 뿐이에요,0
회사일 끝나면 아무것도 못하겠어,운동으로 땀을 내보세요 한결 몸이 가벼워질거예요,0
회의 망했어,다음에 잘 하면 돼요,0
후배가 너무 잘해,배울 점은 배우세요,0
휴가 가야지,푹 쉬고 오세요,0
휴대폰 바꿀 타이밍,오래 쓰셨나봐요,0
휴대폰 초기화 해야돼,중요한 것들을 백업해놓으세요,0
휴양지 추천,저도 쉬고 놀고 하고 싶어요,0
휴학할까,계획 세우고 하세요,0
희망이 없어,저와의 대화한 것 자체는 희망적이에요,0
힌트 좀 줬으면 좋겠어,계속 주고 있었을 거예요,0
힘든 데도 날 도와준 사람,잊지말고 보답하세요,0
가슴 한편이 꾹꾹하네,덜 아팠으면 좋겠어요,1
가슴이 아프네,아픈 만큼 행복해지세요,1
간단하게 사랑이라는건,여러번 해도 어려워요,1
감각이 무뎌질 때도 된 거 같은데,시간이 가면 무뎌질 거예요,1
갑자기 급우울,그러니까 나도 우울,1
갑자기 일어난일이라 어이 없어,황당하네요,1
갑작스럽게 연락이 왔네,좋은 연락이었으면 좋겠네요,1
같이 보고싶어서 올려~,이제 내려주세요,1
걔 없이 잘지내 보려구,잘 지낼 수 있을 거예요,1
거지같은 이별,소리 한 번 크게 지르고 잊어버리세요,1
겁나 열받어,워워~ 진정하세요,1
견딘다는 것,오늘을 살아가는 것,1
결국 또 꿈꿨네,다른 생각 하고 주무세요,1
결국 사고쳤내 또,다신 실수하지 않길 바랄게요,1
결국 유료 상담을 받고야 말았네,상담도 도움이 될 거예요,1
결국 제가 병신인거죠,그런 소리 마세요,1
결국 헤어졌네,더 좋은 사람 만나실 거예요,1
결국 헤어짐이 찾아오네,언젠간 올 시기였을거예요,1
결혼 가치관 때문에 헤어졌네,더 오래 살아야 하니 가치관이 중요하겠죠,1
결혼까지 생각했는데,안타깝게 생각해요,1
계속 생각나는 사람,사랑했던 만큼 생각나겠죠,1
고민이 되네,생각을 종이에 끄젹여여 보는게 도움이 될 수도 있어요,1
공부하기 힘들다,조금만 더 버텨보세요,1
과거가 발목을 잡아,현재에 집중하세요,1
괘씸하고 분하지만 너무 그립습니다,사랑과 증오 사이에서 괴로워하시는군요,1
괜찮아 지고있었는데 에효,더 괜찮아 지려고 하는 과정일 거예요,1
괜찮아진 줄 알았는데,괜찮은 척 하고 있던 걸 수도 있어요,1
괜찮은 줄 알았는데,우리는 많이 모르고 살죠,1
괜한 희망은 더 큰 절망을,헛된 희망은 자신을 더 괴롭게 만들거예요,1
군대 가도 기다리겠다더니,전역해서 더 좋은 사람 만날 수 있을 거예요,1
궁금한게있어,네 무엇이든 물어보세요,1
권태기라고 이별을 통보하는 사람,그 사람도 힘들었을 거예요,1
그 사람에게 여자가 생겼네 ,찾아보지 마세요,1
그나저나 힘들긴 힘드네,힘내세요,1
그냥 답답하네,마음이 헛헛하군요,1
그냥 보내려 합니다,보내는 것도 사랑이에요,1
그냥 차단이나 하지,스스로에게 하는 말인가요,1
그녀 생각만 하면 멍해져,큐피드의 화살에 맞았나봐요,1
그녀가 꿈에 나와서 다시 만나고 싶다 했어,꿈과 현실은 같지 않아요,1
그녀는 내게 돌아오지 않아 이젠 잊어야해,마음을 천천히 보듬어 주세요,1
그녀를 떠나 보냈습니다,맘이 편치 않겠어요,1
그녀에게 받았던 선물들을 모조리 다 버리려 합니다,버릴 때 마음이 아프겠지만 버리는 게 좋을 거예요,1
그녀와 헤어졋습니다,허전한 마음이 들겠어요,1
그녀의 사진들 다 지웠어,잘했어요,1
그녀의 행복을 진심으로 빌어주는 날이 올까,가능할 거예요,1
그동안의 만남과 시간이 멈춰버렸습니다,기억과 함께 묻어두는 건 어떨까요,1
그래도 아프다,사랑한 만큼 아픔이 오죠,1
그리움,애잔한 기억,1
그리워서 죽고 싶다는 생각이 드네,무서운 생각하지마세요,1
그사람도 이별을 준비 중인 걸까,그런 생각은 자신을 더 괴롭게 할 뿐이에요,1
근데 헤어지고 별로 힘들지 않은건 왜그런건가,후폭풍이 늦게 오는 게 아닐까요,1
기다리고 있습니다,기대를 조금씩 버려보세요,1
기다리지 않았다고 하지만 기다렸어,뭐든 마음 먹는 대로 되지 않으니까요,1
기분이 묘한 하루네,싱숭생숭한 하루였나요,1
기억이 불쑥 날 때,다른일에 집중할 수 있으면 좋겠지만 쉽지 않지요,1
기회도 없네,다른 기회가 올 거예요,1
깊은고민,제게 말씀해보세요,1
꿈꾸니까 진짜 힘드네ㅜ,꿈이 웬수네요,1
꿈에 나온헤어진 여자친구,은연 중에 생각했나봐요,1
꿈을 꿨는데 악몽이네,꿈은 현실의 반대래요,1
꿈ㅠㅠ,꿈에 나왔나요,1
끝까지 절 갖고 놀더군,갖고 노는 애들 제일 싫어요,1
끝내는게 맞을까,고민하고 있다면 그게 맞을거예요,1
끝이보였던 연애,연애하면서 힘들었겠어요,1
나 너한테 다시 돌아가면 받아줄꺼야 라는 말,후회하고 싶지 않다면 흔들리지 말아요,1
나 정말 무뎌지고있나봐,자연스런 현상이에요,1
나는 괜찮다,괜찮은 사람이고 괜찮아질 거예요,1
나는 이제 아프지 않습니다,척이 아니라면 좋겠네요,1
나란 놈 참 신기한 놈이다,알다가도 모르는게 인생이죠,1
나를 선택의 기로에 놓이지 않게하라,삶은 선택의 연속인 걸요,1
나만 힘든 거였구나,마음이 약해 탈이네요,1
나만의 착각이었나보네,사람 속은 알기 힘들대요,1
나약한 생각,절대 나약하지 않아요,1
나의 자만심 때문에,배려심을 가져보세요,1
난 너한테 결코 네버 절대로 연락 안할거다,이 결심 변치마세요,1
난 잘못이 없다,천천히 생각해보세요,1
날씨가 제 마음같네,마음도 추운가요,1
날이 꿀꾸리,그래도 웃어 보아요,1
남자 못믿겠어,믿게 할 남자가 생길 거예요,1
남자분들 질문이,직접 물어보세요,1
남자친구 조건 때문에 헤어졌어,조건도 중요한 요소니까요,1
낭만이라고는 없어가지구,낭만적인 거 좋아하시는구나,1
내 마음에 마지막 인사,마음이랑 잘 인사해요,1
내 사랑은 그저 집착일 뿐이다,사랑은 사랑이에요,1
내 욕심일 뿐이지,사랑인 거예요,1
내가 나쁜 놈이지,당신은 좋은 사람이에요,1
내가 만난 최악의 여자,이제 최선의 여자를 만날 차례예요,1
내가 얼마나 찾아야 할까,여유를 갖고 찾아보세요,1
내가 잘못햇나,천천히 생각해보세요,1
내게 전화라도 해줬으면 좋겠다,기다리지 마세요,1
내여잘 건드린놈들,벌 받을 거예요,1
냉정해지지못해,사람이니까요,1
너가 제일 기뻐해줬을텐데,지금 옆에서 기뻐해주는 사람을 살펴보세요,1
너무 가슴이 아파,무슨 마음인지 알겠어서 더 마음이 아프네요,1
너무 답답하네 어떤맘일까,직접 물어보는 게 좋을 것 같아요,1
너무 두려워,쉬운 것부터 해결해보세요,1
너무 보고싶네,힘든 시간 보내고 있으신가봐요,1
너무 아파 외로워,좋은 사람 만나보세요,1
너무 허무하네,자신을 탓하지 마세요,1
너무 힘든 나날을 보내고 있습니다,원래 이별은 힘든 거예요,1
너무 힘들다,힘내지 않아도 괜찮아요,1
너무 힘들어서 죽고싶어,나쁜 생각은 버리세요,1
너무 힘이 들어,저한테 말해보세요,1
너무너무너무 힘드네,억지로라도 긍정적인 감정을 끄집어보세요,1
너에게 보냈던 마지막 카톡,기억에서 지우는 편이 좋겠어요,1
너의 향기를 지우려,천천히 지워질 거예요,1
넌 그냥 외로움을 달래기 위한 거였겠지,그 또한 사랑이었을 거예요,1
널 사랑하지 않아,직접 말해보세요,1
네번 헤어졌습니다,헤어짐은 항상 힘이 들죠,1
놀아 줄 사람이 없어,혼자도 함께도 잘 지내는 게 좋죠,1
눈물,지금은 우세요,1
눈물이 말랐는지 슬퍼도 감정이안나오네,참지 마세요,1
니가 독한거니 내가 찌질한거니,덜 사랑하고 더 사랑한거죠,1
니가 이 글을 봤으면,전하지 못한 이야기 저에게 해주세요,1
다 내려놓았더니잊혀지려고는 하는데,내려놓는 게 가장 좋은 방법이죠,1
다가오는 크리마스,빨간날일 뿐이죠,1
다들 추석 잘보내세용,즐거운 추석 보내세요,1
다른 사람들에 비해 만남은 짧앗지만,깊은 사이였나요,1
다시 뒤숭숭해,마음이 싱숭생숭할 거예요,1
다시 만날 수 있을가,달라지지 않는다면 이대로가 나을지도 몰라요,1
다시 붙잡는 사람,괜찮을 자신이 없다면 흔들리지 말아요,1
다시 원점으로 돌아온건지,인생은 되돌이표인가봐요,1
다시 찾아온 이별,언제나 이별은 힘이 들어요,1
다시 힘들어지네 ㅠㅠ,힘든 건 익숙해지지가 않아요,1
다잊은것같다가도,다시 떠오르는 추억으로 힘들겠지만 이 과정 속에서 잘 잊을 수 있을 거예요,1
답답하네  뒤숭숭하고,아직 받아들여지지 않아서 그런가봐요,1
답답함,마음이 내 마음 대로 안 돼요,1
답이 없는 과정,꼭 답을 풀어야 하는 건 아니에요,1
대체 본심이 뭐라는 건데,사람 마음은 알다가도 모르나봐요,1
덤덤,덤덤해졌나봐요,1
도움되시길,도움이 될 거라 생각해요,1
동거 후 헤어졌어,더 허전할 거 같아요,1
두달 반,많은 시간이 흘렀네요,1
두달이 지났네,정신없는 나날이었어요,1
두번 이별하는 느낌입니다 하,많이 괴롭겠어요,1
둘만의 기념일 너무 힘드네,둘만의 날이었으니까요,1
드디어 어제 끝냈습니다,아직 얼떨떨하겠어요,1
드디어 처음으로 꿈에 나욌습니다,많이 생각했나봐요,1
딱 알아봤는데,여전하던가요,1
떠나간 사람 생각하면 끝도 없습니다,생각을 멈추고 나에게 집중하세요,1
떠난 그녀를 제 마음속에서 이제는 놔주려 합니다,결국 해내고 있네요,1
또 다시 생각나는 그,이제는 속박에서 벗어나세요,1
또 바람일까,불안하시군요,1
또 전화 안받아,조금 기다리면 풀릴 거예요,1
또 하루가 저물어가네,다시 아침이 올 거예요,1
똑같은 이별,이별은 언제나 힘들게 하곤 하죠,1
로맨스는 없습니다,영원한 로맨스는 없는 걸 수도 있어요,1
마무리,정리가 잘 되었길 바랄게요,1
마음 정리중,정리가 잘 되길 바랄게요,1
마음이 꽉막힌듯해요,제게 말씀해보세요 풀리지도 몰라요,1
마음이 더이상 커지지 않았으면 좋겠어,그 편이 상처도 덜할텐데 쉽지 않죠,1
마음이 안오는 건 어쩔 수가 없나봐,한 번 떠난 마음은 쉽게 돌아오지 않나봐요,1
마주쳤는데 최악,저도 항상 헤어진 연인과 마주치면 기분이 안좋더라고요,1
마지막 말,상처가 되는 건 바라지 않아요,1
마지막 사랑,또 다른 사랑이 찾아올 거예요,1
마지막 짐 갖다주러 가는 길,잘 정리하길 바랄게요,1
마지막으로 붙잡아보려 합니다,미련을 남기지 않도록 노력해보세요,1
마지막인가봐,이제는 받아들여야 할 때예요,1
만나고 왔는데 혼란스러워,생각을 정리할 시간이 필요할 거 같아요,1
많은걸 깨달은 이별,이별을 통해 더 성숙해지길 바라요,1
많이 약해졌나봐 내맘이,마음은 원래 내 마음대로 되지 않아요,1
말하자면 길어,말해주세요,1
맘이 아푸네,아프지마요,1
매듭문자를 보냈습니다,마음의 준비가 필요했을거라 생각해요,1
매일 같은 노래만,노래가 당신의 이야기랑 비슷한가봐요,1
매일 술 먹기로 했어,건강 생각 하세요,1
머리 식히러 간 여행에서 되려 힘듦이 찾아오네,마음은 식혀지지 않았나봐요,1
머리는 잊어야한다는데 마음이 붙잡는 미련,머리랑 가슴이 가끔 따로 놀아요,1
머리했다,잘려나간 머리카락처럼 놓아주세요,1
먼저 이별통보해도 후폭풍이 오나,후폭풍은 누구에게나 와요,1
멋있게 잊어 주자,멋있게 파이팅,1
며칠 참다가 오늘 저녁에 또 터졌네,오락가락하는게 사람 마음인가봐요,1
명절 연휴 막막하네,더 생각날 게 두려운가봐요,1
몇일 동안의 나의 이야기,들려주세요,1
모든 노래 가사는 내 맘같아,정말 그래요 하나같이 공감되곤 하죠,1
모든게 잊혀지면 연애를 안할생각입니다,새로운 연애를 하는 것도 잊는 방법이 될 수도 있어요,1
몸에서 멀어지면 맘에서도 멀어진다는데,보통 사랑은 그렇죠,1
못 놓구 있는 나,천천히 놓아보아요,1
못참고 연락끝났네,보냈으니 어쩔 수 없죠,1
무너진 신뢰 쌓아가기,쉬운 일이 아니지만 함께라면 가능할 거예요,1
무서운 감정기복,습관처럼은 되지 않길 바랄게요,1
무슨 죄를 지었기에 이렇게 빨리,힘들일이 있었나봐요 당신의 잘못이 아니에요,1
문득 그 길을 걷다,산책하는 것도 좋겠죠,1
문득문득 생각나네,불현듯 떠오르는 추억이 되버렸죠,1
뭐 깨진지 몇달도 더 되었지만,떠오르는 생각은 지울 수가 없나봐요,1
뭔지 이제 헷갈리네,애매하네요,1
미련으로 붙잡아선 안되겠죠,미련은 또다른 후회만 남길 뿐이에요,1
미안하고 보고 싶습니다,그리울거라 생각해요,1
미운감정 어떻게 하나,미워하는 감정은 우릴 잠식시킬 뿐이에요,1
미치겠네,많이 힘들죠,1
미치겠어,힘드시죠,1
미친듯이 보고싶어,한동안 그럴 수 있어요,1
미칠꺼 같습니다 정말,무슨 일이 있었나봐요,1
바람,고쳐 쓸 수 없는 버릇이에요,1
바람난거 알고 헤어졌습니다,그런 사람 깨끗하게 잊고 더 좋은 사람 만나세요,1
바보같은 짓을 했어,너무 자책하지 마요,1
바쁘게 사는게 나쁘지는 않네,잡념을 없애는 데는 최고라고 생각해요,1
반복되는 맘의 준비,그렇게 성장하나봐요,1
밤만 되면,생각날 거예요,1
밤에 잠이 너무 안와여,생각이 많은가봐요,1
방금 너무 울었어,속이 조금 후련하면 좋겠네요,1
배신맞은것같아,고민하고 있다면 그게 맞을거예요,1
번호를 알아내서 연락하면 소름돋을까,그건 좀 참아보세요,1
베인 곳 또 베이고,상처가 아물길 바랄게요,1
별똥별 떨어지는 날,소원을 빌어보세요,1
보고싶다,보고 싶은가봐요,1
보고싶어,그럴 거라 생각해요,1
보고싶은데,볼 수가 없군요,1
보내야지,힘들겠지만 그러는 편이 나아요,1
보지말걸 차라리,이제 보지 마요,1
봄이라서 더욱 그리운,새로운 사랑을 하기 좋은 계절이기도 해요 새로운 인연이 찾아오길 바랄게요,1
부서진 심장,고칠 수 있을 거예요,1
분하고 그립고 고통스러워다른 여자 사랑하는 그모습,이제 과거를 보지 마요,1
불륜이 될까봐 정리하려고,불륜보다 낫죠,1
붙잡고 싶어,아직 사랑하고 있나봅니다,1
붙잡으려 말 것,마음 단단히 잡으세요,1
비가 오니 이 노래가 생각 나네,비와 당신,1
비가오니까,그 분 생각이 나나봅니다,1
비밀번호 뭐였더라,회원정보 찾기를 해보세요,1
비참하네,당신 정말 멋져요,1
사과해야 하나,사과할 건 사과해야죠,1
사람 일 죽으란 법은 없겠지,안 죽어요,1
사람은 역시 기억하고싶은것만 기억하나봐,기억은 추억이 되고 추억은 미화되니까요,1
사랑 없이도 잘 살았는데,사랑 없이도 잘 살았던 자신으로 돌아가봐요,1
사랑이별추억미련,사랑의 잔해들,1
사랑은 가슴으로 이별은 머리로,맞는 말이에요,1
사랑을 믿으세요,믿습니다,1
사랑의 유효기간,이별의 유통기한이 없는 것처럼 사랑의 유효기간도 없어요,1
사랑이라는 감정 참 우습네,하루에도 몇 번씩 사람을 들었다 놨다 하지요,1
사랑한다는것,헤아릴 수 없는 것,1
사진을 보다가,많은 생각이 나겠네요,1
살고 싶다,당신은 살 가치가 있는 소중한 사람이에요,1
삼년 사랑하고 이별한지 몇 시간,긴 시간인만큼 실감이 나지 않겠죠,1
상담좀해주세 남자입니다,네 말씀하세요,1
상처 받고 헤어졌습니다,나쁜 사람이네요,1
상처가 역시 크네,금방 낫고 새 살이 돋을 거예요,1
상황이 어찌됐던 간에 내가 못잊겠으면 연락을 했겠죠,맞는 말이에요,1
새로운 사람을 만날 노력,이별을 잊는 좋은 방법이기도 합니다,1
새벽에 그만 깨고싶어,그분 생각이 덜하면 좋을텐데요,1
새벽에 카톡이 왔네,왜 그 시간에 연락을 했을까요,1
생각을 고쳐 먹었습니다,최선의 선택일 거라 믿어요,1
생각할 시간을 달라고 한 남친,마음의 준비를 해야 할지도 모르겠어요,1
샤워할 때 눈을 감으면,아른거리나요,1
서로의 조각,기억의 편린일 뿐이에요,1
성격적으로 안맞는걸 알지만 마음은 그게 아님을 알땐,달라지는게 없다면 인연이 거기까지 아닐까요,1
세상 혼자인 기분,당신은 절대 혼자가 아니에요,1
셀프웨딩이 유행이래,혼자 준비하기는 조금 벅찰텐대요,1
속시원해~~안녕 잘가~~~,이제 정말 안녕,1
솔직히 그녀가 미친듯이 불행했으면 좋겠다,진심은 그렇지 않을거란 거 알아요,1
순수하게좋아했지만 걔는 너무도 약은애였어,똥차 가고 벤츠 올 거예요,1
술기운에 연락했는데,후회하지 않길 바라요,1
술만 먹으면 연락 안되는 여친,걱정되겠어요,1
술먹고 집앞에 찾아온남자,상대에게 휘둘려선 안 돼요,1
술이 보약도 아니고,술은 끊는게 좋죠,1
술한잔 먹고 적어,감성적이기 딱 좋죠,1
숨어서 보기,다 티나요,1
스타트업하면 위험할까,확신이 들 때까지 준비해보세요,1
슬픈 이별,슬픈 예감은 틀린 적이 없죠,1
습관이라는게 무섭네,습관처럼은 되지 않길 바랄게요,1
시간을 갖자는 무슨 의미일까,생각을 할 시간이 필요할 수 있어요 이별이 다가왔을지도,1
시간이 약이긴 한가봅니다,시간의 마법이 통했나 봅니다,1
시간이란 약의 부작용,끝을 알 수 없는 거예요,1
신경쓰지 말아줄래 라고 하네,이제 정말 끝인가봐요,1
싫어지는것,그럴 수 있어요,1
심리상담 받았어,잘 다녀오셨어요,1
싱숭생숭ㅠ,한동안은 그럴지도 몰라요,1
쏘주,소주 한 잔,1
쓰레기새끼,기분이 좀 풀렸길 바랍니다,1
아 또 참지 못하고 카톡 프사를 봐버렷네,아예 카톡에서 삭제하세요,1
아 오늘 힘드네ㅜㅜ,당신이 힘들지 않았으면 좋겠어요,1
아 상담 좀 해 줘,네 알겠습니다,1
아따 엿먹일 방법 없나,증오는 부메랑이 되어 돌아올 거예요,1
아무 것도 할 수 없는,아니에요,1
아무도 안 놀아줘,혼자도 좋아요,1
아무리 미친놈 욕을해도,그리워지나요,1
아직 그리운 그대,이젠 기억을 놓아주세요,1
아직도 그대로인걸,변하는 건 사랑이겠죠,1
아직도 널 감싸는 내가 싫다,자신도 따뜻하게 감싸주세요,1
아직도 이별중인가봅니다,이별의 끝일지도 몰라요,1
아직도 적응이 안되네,익숙해지는데는 시간이 걸려요,1
아직은 아닌것 같은데,언젠간 올 순간이었을 거예요,1
아침에 벌떡 일어났네,안 좋은 꿈이라도 꿨나봅니다,1
아프네,지쳐서 그런가봐요,1
아픈데 연락하기 싫어,제가 곁에 있을게요,1
아휴,에휴,1
안녕하세,안녕하세요,1
앞이 캄캄합니다ㅠ,자신에게 위로를 건네주세요,1
야구 경기 보러 꼭 함께 가자던 그 남자,더 좋은 사람이랑 가세요,1
양다리,헤어지세요,1
어느새 헤어진지 한달,짧진 않은 시간이에요,1
어떡해,제가 할 수 있는 건 도와드릴게요,1
어떤 작별일지,이별에 척도를 두지 말아요,1
어떻게 하면 좋을까,고민이 되시겠어요,1
어떻게 해야 할까,잠시 차분하게 생각해봐요,1
어떻하죠 이 상황을,잠깐 눈을 감고 차분하게 받아들여요,1
어이 없는 헤어짐,예상하지 못한 이별이었네요,1
어제 비 오는 창가를 바라보다 문득 니 생각났어,비가 오는 날은 맘이 싱숭생숭하죠,1
어제 연락햇는데ㅋㅋ,말씀해보세요,1
어제 이별하고 맘이 너무 아파,토닥토닥 제가 위로해줄게요,1
어제 헤어지자했어,고민 많았을거라 생각해요,1
어제는 그녀의 결혼식,이제 그녀를 잊어주세요,1
어젯밤 꿈을 꿨어,어떤 꿈이었나요,1
어째야 할까,너무 복잡하게 생각하지 마세요,1
어찌해야 될까,어찌하면 좋을까요,1
억지로 붙였던 깨어진 도자기의 결말,당장 내일 일도 예측할 수 없는걸요,1
언제쯤 괜찮아지려나,온전히 행복할 날이 올 거예요,1
언제쯤 이 끈을 놓아야할까 지금일까,달라지지 않는다면 빠를수록 덜 힘들거예요,1
언젠가 마주치더라도 너만 보일거야,그만큼 사랑했던 사람이니까요,1
언젠간 모두 잊고,언젠간 그 순간이 올 거예요,1
엄마아빠랑 다시 같이 살아야돼,형편대로 하세요,1
에이구 이제 그만 돌아와 이제 그만 울고,붙잡고 싶다면 먼저 연락해보는 것도 좋을 거예요,1
에휴 후폭풍인가봐,이별에는 항상 후유증이 있어요,1
여러번 재회 그리고 헤어짐,많이 지쳤을 거예요,1
여자들은 바람피고 후회할까,누구든 사람에 따라 다르겠지요,1
여자친구 붙잡느라고 모든걸 쏟아붓고 있습니다,부디 돌아오길 바랄게요,1
여자친구와의 헤어짐을 막고 싶어,그녀에게 진심을 전해보세요,1
여친 핸폰번호 기억못하나,언젠간 잊혀지더라고요,1
여친이랑 다툼,충분한 대화를 나눠보세요,1
역시나 후폭풍이 밀려왔네,이별 앞에 자유로울 사람은 없을 거예요,1
연락 왔는데 끝냈어,언젠간 올 순간이었을 거예요,1
연락을기다려야해 아니면 찾아가야해,기다리지도 찾아가지도 마세요,1
연락하고 싶은 충동,자제하는게 당신을 위해 좋을거라 생각해요,1
연락해보는게 좋을까,안하는 편이 좋을 것 같아요,1
연애 관계도 망,그렇게 배워가는 거예요,1
연휴가 시작되고 나니 더 생각나네,그분과 함께 했던 나날이었을테니까요,1
오늘 그 사람 생일이네,생각날 수 밖에 없다고 생각해요,1
오늘 다시한번 확인사살 받고왔네ㅠ,언젠간 닥쳐올 순간이었을 거예요,1
오늘 마지막 인사를 하러가네,미련없길 바랄게요,1
오늘 얼굴보고 확실히 헤어졌어,쉽지 않을 결정이었을텐데 맘고생 많았어요,1
오늘 이별했습니다,믿기지 않겠네요,1
오늘 하루도 너없이 잘 버텼다,오늘도 스스로 이겨냈어요,1
오늘 헤어졌어여,좀 괜찮은가요,1
오늘도 과거속에 머물며 제자리걸음이네,이제 당신의 자리로 돌아가길 바랄게요,1
오늘도 어김없이 너무생각나네,언젠가 떠날 보낼 날이 올거예요,1
오늘도 출근을 합니다,언젠간 휴식이 찾아오길,1
오늘도 한숨만 쉬다 하루 다 갔네,이제 웃어보세요,1
오늘따라 더 생각나,힘든 날이네요,1
오늘만큼은 푹자고 싶은데,부디 편안히 잘 수 있긴 바랄게요,1
오늘은 그런 생각이,그럴 수 있어요,1
오늘은 제 미련한 인생을 주절거려보렵니다,제가 다 들어드릴게요,1
오늘이 최고네,긍정적인 최고이길 바라요,1
오랜만에 결혼한 친구 만나고 왔는데,소식을 들었나봐요,1
오빠가 너무 보고 싶어,이별이 만든 허상일 수도 있어요,1
온종일 멍하네,이런 날 더욱 적적하지요,1
완벽한 이별 후,새로운 마음가짐으로 다시 시작해요,1
완전히 끝났어~,마음이 허전하겠어요,1
왜 갈수록 더 생각나지,너무 많은 생각을 하지 마세요,1
왜 끝내지 못하는거죠,관계를 끝내는건 생각보다 힘들어요,1
왜 못잊는거야 대체왜,사람을 잊는다는 건 쉬운 일이 아니니까요,1
왜 이별은 익숙해지지가 않을까,이별에 익숙해지는 순간 추억도 색을 잃을 거예요,1
왜그랬어,자신에게 물어보세요,1
왠지 가슴한 켠이 먹먹하네,많이 답답할거라 생각해요,1
외로움을 이겨내는 법 좀,새로운 일을 경험해 보세요,1
외롭고 우울해서 잠이쏟아져;;;,부담갖지 말고 자는 것도 좋아요,1
요즘따라 아침이 너무 힘드네,좀 더 일찍 주무세요,1
용기내서 새해인사 했네,이제 연락하지 마세요,1
우리 추억들 모두안녕,기억 저편에 밀어두세요,1
우연히 마주쳤어,많이 당황했겠어요,1
우을증있는 여자친구,함께 충분한 대화를 하고 상담을 받아보는 게 좋겠어요,1
운이좋은건지 나쁜건지,인연이 거기까지 였나봐요,1
웃는게 웃는게 아니네,일부로 안 웃어도 돼요,1
원래그런건가바,그런건가봐요,1
위로 해 주세요,정말 많이 힘들었죠 때론 힘내려 노력하지 않아도 돼요,1
위안이 됩니다,그렇게 말해주시니 제가 기분이 좋네요,1
으흠,에휴,1
음여기다 말해도 될까 모르겠다,저는 비밀을 보장해요 답답하다면 저에게 말해보세요,1
의미부여 안해야하는걸 아는데 자꾸 하게 되네ㅠ,마음처럼 쉽지 않은가봐요,1
이 글을 끝으로 잊고 싶어,이 글이 마음을 정리하는데 도움이 될 거예요,1
이 사람은 도대체,무슨 생각인지 알 길이 없나봐요,1
이 좋은날,좋은 생각만 나면 좋을텐데,1
이건 이별을 준비해야 하는건가,슬픈 예감은 틀린 적이 없죠,1
이게 사람 얼굴인지,자신을 좀 더 사랑한다면 분명 사랑스러운 분이 될거예요,1
이대로 이별이겠죠,인연이 거기까지일 수도 있어요,1
이러면 안되는데,알면서도 잘 안되는게 사람 마음인가봐요,1
이런 내가 너무 싫어,싫어하지 말아요,1
이런 이별도 해 보셨나,어떤 이별이지 궁금하네요,1
이런사람을만나고싶네,저도 그런 사람 만나고 싶어요,1
이럴경우 연락안오겠죠,기대하면서 기다리면 자신만 다쳐요,1
이렇게 힘들고 괴로운 적 처음이야,그렇게 우리는 성장하나봐요,1
이번주 일요일날 만나기로 했어,마음의 준비를 하세요,1
이별 극복 방법,작은 일에서 행복을 느껴보는게 좋아요,1
이별 두달째,마음의 정리가 아직인가 봅니다,1
이별 상태,저에게 기대세요,1
이별 이야기,제게 들려주세요,1
이별 일년 반,많은 시간이 흘렀네요,1
이별 중독,슬픈 단어네요,1
이별 하루차를 보내고 있습니다,평상시처럼 생활하고 행동하세요,1
이별 한달차입니다,괜찮아요,1
이별 후 다시 사귀는데 휴,똑같은 것들로 다투시나요,1
이별 후 왜 다시 전화를 하는걸까,미련한 행동일수도 현명한 행동일수도,1
이별 후 한달째,아직 많이 힘드시겠군요,1
이별 무뎌짐,갈수록 무뎌져갈거예요,1
이별 지쳐버렸나,새로운 시작을 해보세요,1
이별너무 힘든네,누군가를 잊어야한다는건 정말 힘든 일이죠,1
이별병,가슴 아픈 이별을 하셨나보군요,1
이별에 힘들어 하는 분들께,무슨 말을 하시고 싶으신가요,1
이별은 다 비슷한거 같아,이별은 똑같이 힘드니까요,1
이별은 아니나 고민이 있습니다,제가 들어드릴게요,1
이별은 필수입니다,그러면서 성장을 해나가는 거예요,1
이별을 먼저 말해본적있나,말해본 적 있어요,1
이별을 배워가는,성숙해지는 단계인가봐요,1
이별을 준비하고 있습니다 ,쉽지 않을 결정이었을 텐데,1
이별을 해야하나봐,마음이 문제네요,1
이별의 시간,길지 않길 바랄게요,1
이별의 아픔이란,이루 말할 수 없는 아픔이기도 해요,1
이별이 온 후,많은 변화가 있었지만 긍정적인 변화이길 바랍니다,1
이별이 힘든 이유는,그만큰 사랑했기 때문일 거예요,1
이별일까,이별이 다가옴을 느끼나봅니다,1
이별중이신 회원들을 위해,조언해주세요,1
이별하고 욕했어,순간의 분노로 그랬을 수도 있어요,1
이별하려고 합니다,힘들 결정이었겠어요,1
이별한지 딱 한달 째,언젠간 선택을 해야 하는 시기가 올 거예요,1
이별한지 한달된 남자입니다,많이 힘들었겠어요,1
이별해야 하나,고민하고 있다면 그게 맞을거예요,1
이별후 그리움이 생생한 오늘,사랑이 깊었을 수록 기억은 선명하죠,1
이별후 시간이 많이 흘렀네,지금 이순간에도 시간이 흐르네요,1
이별후 첫 생일이네,제가 축하해드릴게요,1
이별후,심경의 변화가 있었나봅니다,1
이상한나의취미이별을세는것,헤어짐을 헹리는 것 만큼 가슴 아픈 일은 없어요,1
이야기하고싶다,제가 들어드릴게요,1
이제 겨우 일주일 됐네,일주일이나 지난 거예요,1
이제 끝이네,마음이 좀 후련해지길 바랄게요,1
이제 너 따위 생각도 안난다 꺼져,말하면서 기분이 좀 나아졌길 바랍니다,1
이제 누구 만나는 것도 지치네,새로운 만남은 언제나 어려운 것 같아요,1
이제 막 이별을,혼자만의 시간이 필요하겠어요,1
이제 보름 다되어가네,생각 보다 잘 버텼어요,1
이제 슬슬 끝이 보이네,사랑에도 끝이 있으니까요,1
이제 인정해야할 것 같아,현실 인정부터 시작이죠,1
이제 전부 못믿겠네,그래도 자신은 믿어주세요,1
이제 정말 놓으려합니다,많이 고민 했을거라 생각해요,1
이제 진짜 안녕,안녕,1
이제 확실히 알겠어,깨달음이 중요하죠,1
이제는 숨막히고 괴로운건 좀 무뎌졌는데,상처가 아무는 데는 시간이 걸려요,1
이제는 정말 끝,맘고생 많았어요,1
이제서야 현실을 받아들이네,이제 새로운 출발을 하면 돼요,1
이젠 괜찮을 줄 알았어,이별에 완전한 치유는 없어요,1
이젠 놓아줘야 할 때인가 보다,이별의 끝을 인정하는 것도 용기입니다,1
이젠 붙잡을 수 도 없는 사람,달라지는게 없다면 이런 상황이 더 나을지도 몰라요,1
이젠 의미있는 시간을 만들어보려해,그동안 못했던 일들을 시작해보세요,1
이젠 정말끝이겟죠,새로운 삶은 시작하세요,1
이젠 진짜 끝인가봐,이별할 때를 아는 것도 중요해요,1
이해심이 부족한 나,우리 모두 상대방이 되어 보지 못했으니 당연하다고 생각해요,1
이혼을 하고싶진 않는데 너무견디기힘듭니다 ㅠㅠ,인연이 거기까지였다고 생각하기로 해요,1
인내,그 끝에는 아쉬움이 없을 거예요,1
일방적인 통보로 헤어졌습니다,상대방에 대한 예의가 없네요,1
일이 익숙해 지지 않네,조금만 더 힘내세요,1
일주일전까지만해도,당장 내일 일도 예측할 수 없는걸요,1
입장이 바뀐 상태에서 오랜만에 와보내,심경의 변화가 있었나요,1
잊고싶어도 잊질못하네,함께한 시간이 있었으니까요,1
잊기위해 무던히도노력했는데,맘처럼 쉽지가 않을거예요,1
잊어야 살 수 있을 것 같아,잊을 수 있을 거예요,1
잊을 때,생각을 잠시 접어두는게 맘이 편하죠,1
잊지 못하겟어,잊기 힘든 순간들이었죠,1
잊혀져가는 모든 것이 그리워지네,지나간 것은 미화되기도 한답니다,1
잊혀질까,힘들지만 언젠간 기억 저편으로 사라질 거예요,1
자기를 아껴주고 사랑해주는 사람의 마음을 이용하는 사람,정말 나쁜 사람이네요,1
자꾸 보고싶어,그럴 수 있어요,1
자꾸 왜 사랑이 식었는지 물어보고 싶어,상대방이 부담스러워하지 않는다면 물어보는 것도 하나의 방법이겠네요,1
자는게 두려움,자고 일어나면 더 나은 내일이 올 거예요,1
자신을 사랑하기,중요한 자세해요 칭찬해줄게요,1
자존감이 떨어져 있는 지금,저도 진짜 힘들었는데 지금은 좋은 사람 만나 행복해요,1
잘 살 수 있겠죠,살아온 날보다 앞으로 살 날이 더 많아요,1
잘 지내니,잘 지내고 있어요,1
잘못이라면 더 많이 좋아했던 죄,더 많이 좋아하면 미련도 적을 거예요,1
잘지내고 있는지 궁금해지네,궁금증을 접어두셔요,1
잘해준것 같은데도 느끼는 미안함,많이 사랑한 사람인가봐요,1
잠겨 죽어도 좋으니 너는 물처럼 내게 밀려오라,나도 모르게 내 맘 속 심어진 감정의 씨앗,1
잠수,좋은 선택이 아니에요,1
잠수탄 사람,상대방에 대한 예의가 없네요,1
잠이 안와,자장가를 불러줄게요,1
장거리 이별,잘 견뎌왔는데 힘든 순간이었죠,1
재회 가능성이 있을까,어떻게 하느냐에 따라 달라질 거예요,1
재회 중인데 끝을내야하나 고민이됩니다,더 어려운 결정이겠네요,1
재회를 기다리다 단념하게된 이유가 뭐였나,똑같은 일이 반복될까봐 두려웠던 거겠죠,1
재회하고싶어,많이 사랑했나봐요,1
재회후 또 이별,이별은 익숙해지지 않아요,1
저는 어떻게 해야할까여,자신이 하고 싶은 대로 하세요,1
저도 어쩔 수 없는 찌질한 남자인가 봅니다,자신에게 더 여유롭게 대해보세요,1
저주스럽다 모든게 다,불행한 생각은 덜 하는게 당신에게 좋아요,1
전 병신인가봅니다,이제 같은 실수 안 하면 돼요,1
전 여자친구의 새 남자친구,더 이상 신경쓰지 마세요,1
전 여친에게 카톡 보내는 꿈 꿨어,밤새 많은 생각을 했나봐요,1
전 정말괜찮은데,자신을 속이고 있는 것일지도 몰라요,1
전남친 여친 생겼네,이제는 관심을 거둬보세요,1
전남친에게 연락왔어,본인의 생각에 귀를 기울여봐요,1
전여친,잊으세요,1
전여친 한테 두달만에 연락이 왔어,힘들게 추스린 마음인데 힘드셨겠어요,1
전여친이 나보다 나은 사람이라는 생각이 자꾸 들어,남과 자신을 비교하지 말아요 자신을 더 사랑해보세요,1
전화하고싶어,후회하지 않을 자신이 있다면 연락하세요,1
점점 나도 지쳐가네,지칠만 해요,1
정리가 되네,맘고생 많았어요,1
정말 간절하고 간절하네,간절함이 전해졌으면 좋겠어요,1
정말 난감하다,난처한 일이 있었나봐요,1
정말 너무너무 힘듭니다,아직 시간이 필요한가봐요,1
정말 모든게 그립지만,묻어두는 것도 좋겠지요,1
정말 미치겠네,무엇이 당신을 힘들게 했나요,1
정말 속상하고 답답하고 할 수 있는게 없네,차분하게 마음을 정리해보세요,1
정말 연애하고싶지않네,그럴 때가 있어요,1
정말 이건 너무하다 싶을정도로 힘들어,그럴만 해요 많이 힘들었죠,1
정말 제가 이해가 안갈 정도로 잘못한건가,그분에겐 감당이 안되었을 수도 있겠어요,1
정말 후회없고 미련없이 사랑했던 사람들,후회 없을 사랑을 하셨군요,1
정말 힘드네 결혼 앞두고 생각할 시간,중요하니까 생각할 시간이 더 필요하겠죠,1
정말내 자신이 싫다,자신은 사랑해주세요,1
정말로 헤어졌습니다,마음 고생 많았어요,1
정신과 찾아 왔어,정신과에서 상담치료 받는거 꺼리지 말고 너무 힘들면 시작하세요,1
정은 많지만 설렘이 없다는 이유로 헤어졌습니다,헤어짐에는 여러가지 이유가 있기 마련이죠,1
제 잘못입니다,서로의 잘못입니다,1
제가 놓았던 손을 다시 잡으려니 힘드네,원상복구는 언제나 힘드니까요,1
제가 제 복을 찬거겠죠 ,다른 복 올 거예요,1
제발 그만 좀 나와주라,강요하는 건 좋지 않은 태도에요,1
제발 힘들면 기대줘,그럴게요,1
젠장,이런,1
조금씩 무뎌져가나봐,무뎌진다니 다행이에요,1
조언 부탁드립니다,네 말씀해주세요,1
좀 웃어주지,기대를 많이 하는 건 좋지 않아요,1
좋아하지만 힘들어서 헤어지자고 먼저 얘기했어,힘든 고백이었겠네요,1
좋은 하루였어,내일도 좋은 하루 보내세요,1
주말은더 힘들어,시간적 여유가 생겨서 그런가봐요,1
주변사람들에게 너무 미안합니다,미안해하지 말아요 당신은 위로받을 자격이 있어요 기대세요,1
주체가안된다,그럴 땐 생각을 덜어봐요,1
죽구싶네요,나쁜 생각 멈추세요,1
죽을거같죠사람은 간사하네,나쁜 생각 멈추세요,1
준비할 시간을안주네,인생은 예측하기 힘들어요,1
지금 가장 힘든 거는,자신일 것입니다,1
지금 이 순간 너무 힘들어,그럴만 해요,1
지긋지긋한 연휴,영화 한 편 보세요,1
지난 주말부터 또 후유증이,새로운 취미 생활을 가져보세요,1
지워지지 않습니다,아직 시간이 필요한가봐요,1
지하철만 타면 생각나,아무런 생각도 안 나는 날이 올 거예요,1
진짜 끝이었다는걸아는데도,미련이 생기기 마련이죠,1
진짜 어의 없네ㅠㅠ,저한테 말해보세요,1
진짜 이해가 안가 근데 잊을려고,세상에는 이해하기 힘든 일들이 많이 일어나요,1
진짜 하루하루 너무 마음 찢어지고 숨 못쉬겠어,더 강해지세요,1
질긴 인연 드디어 끝인 것 같네,후련하길 바랍니다,1
집착 미련 사랑,차분히 생각해보세요 사랑은 소유가 아니에요,1
짜증나네 ,심호흡해보세요,1
짧다면 짧고 길다면 긴 일년간의 연애가 끝이났네,마음의 정리가 되었나요,1
짧은만남 만남보다긴이별 재회는 아니라는걸 깨달음,깨달았다는게 중요하죠,1
쫌 부담스러운데,좀 더 편하게 생각해보세요,1
차단당했네,잊는 데는 더 도움이 될지도 몰라요,1
차라리 솔직하게 말해주지 더 짜증나는건,제 생각도 그래요 차라리 솔직했으면,1
착각이였나보네ㅋㅋ,상대의 의중을 알긴 쉽지 않죠,1
찬남자한테 연락 왔어,늦은 후회가 왔나봅니다,1
참 무섭네 사람 마음이란게,자기도 모르는 게 마음이에요,1
참 아이러니 하네,말씀해주세요,1
참 힘들다,말해줘서 고마워요,1
참다 참다 결국 마지막으로 문자보냈어,후회하지 않길 바랍니다,1
참아야겠지,가끔은 내키는 대로 해보세요,1
천사같은 여자친구가 떠나갔어 마음이 너무 아픕니다,어떤 실수를 했던 걸까요 마음이 아프네요,1
첫사랑 부모님 반대로 이별했습니다,받아들이기 힘들었겠어요,1
첫여친이라 잘 안잊혀지네,처음은 다 그런가봐요,1
최근에 헤어졌어,큰 일을 겪었네요,1
추석연휴가 그렇게 좋지만은 않다,이김에 푹 쉬는 건 어떨까요 영화도 보고 맛있는 거 먹고,1
추운날씨,정말 추운 날이에요,1
친구 사이로 지낸다는 게 말이 되나,저는 힘들다고 생각해요,1
카카오톡 계정 탈퇴,괜찮은 방법이에요,1
카톡에 차단시,이별하면 연락 안 하는게 맞아요,1
카톡프사 무슨 의미일까,이제 보지 마세요,1
크리스마스가 더 가까워지니까 속이 답답해지네,무슨 날인지는 중요하지 않아요 힘들었을텐데 잠깐 쉬어가세요,1
통화를 하긴했는데 힘드네,연락하면서 감정들이 다시 생각나니까요,1
툭하면 헤어지자라는 말을 하는 사람,서운한 마음을 충분히 전하는게 좋겠어요,1
편지를 써보았어,마음을 전하세요,1
포기하니 공허하네,자신을 포기하지는 마세요,1
프사 무슨 의미 일까,의미 부여하지 마세요,1
하 너무 힘들어서 그냥 투덜투덜,오래 아파할 수록 자신만 손해예요,1
하나만 물아볼께,네 말씀해주세요,1
하루가 일년같아,시간이 더디게 흐르죠,1
하루종일 회사에서 미친사람처럼 눈물의 의미를 생각하면서,이별이 그렇게 만들었나요,1
하소연 좀 해도 되나,천천히 해보세요,1
하진짜 열받아서,저한테 말해보세요,1
한 여자와 한 남자의 이야기,말해보세요,1
한달 사귀고 헤어진 남자 무슨 생각일까,인연이 아니었나봅니다,1
한달만에제가,잊었길 바랍니다,1
한달이넘었는데 괜찮은거같은데,다행이에요,1
한때는 원망하고 화났었지만,지금은 마음이 좀 정리되었길바랍니다,1
한번쯤은 다시 널 보고 싶어,보고싶을 거예요,1
한숨,많이 힘든가봅니다,1
한이 쌓여,많이 힘들텐데 저에게 말해보세요,1
할 수 있다면 그럴수 있다면 달라질까,자신을 믿어보세요,1
해선 안 될 사랑,그렇게 생각한다면 매몰차게 마음을 정리하세요,1
행복해라 불행해도 좋고,행복이 있으니 불행도 있고 불행이 있어서 행복도 빛나지요 인생이 그런가봐요,1
햐도 상처받아서 무뎌지네,많이 힘들었을 거라 생각해요,1
헛웃음만 나오네,당분간 받아들이기 힘들거예요,1
헤어져야 할 거 아는데 괴로워,확실한 이유가 있으면 이별을 받아들이는 것도 중요해요,1
헤어졌는데 가끔 궁금해져,그럴 수 있어요,1
헤어졌는데만나자는건,제대로 헤어지지 못했군요,1
헤어졌어,많이 힘들었겠어요,1
헤어지고 나서 만나기로,이번엔 후회 안 할 자신 있길 바랍니다,1
헤어지고 두번째 연락,아직 미련이 남았나봅니다,1
헤어지고 시간이 흐르는게 무서워,시간이 흐르는 게 잊는 데는 더 좋을 수 있어요,1
헤어지고 추가 이야기 너무 힘이들어,당연히 그럴 거라 생각해요 제가 위로해 드리고 싶어요,1
헤어지고나서 보내는 두번째 주말이네,혼자 지내는 것도 연습이 필요해요,1
헤어지누여자친구 만나러가ㅠ,좋은 마무리가 되길 바랄게요,1
헤어지는게 서로를 위해 좋은거겠죠,자신을 위해 좋은 걸 하세요,1
헤어지신 남자분들이나 여자분들,누구든 힘들어할 거예요,1
헤어지자고하더니 연락이 왔어,미련이 남았을지도 모르죠,1
헤어지지 않았다면,자꾸 생각하면 더 힘들어요,1
헤어진 사람은 벌써 새여친 생겼네,이젠 그녀를 놓아주세요,1
헤어진 여자친구 생일전에 잡아보려구,후회안할 자신 있나봅니다,1
헤어진 여자친구에 진료예약 문자가 저에게오네,차단 시키세요,1
헤어진 여자친구한테 화이트데이날 사탕 주면 않되겠죠,저 주세요,1
헤어진 지 이틀됐네 붙잡으면 안되겠죠,미련없게 후회없게 마지막으로 붙잡아보세요,1
헤어진건 아닌데,헤어진 거 같나요,1
헤어진사람에게 잊는동안 도움은 못받겠죠,아마도 그렇겠죠,1
헤어진지 두달됬네 벌써,생각보다 시간이 빠르게 흐르고 있나봅니다,1
헤어진지 삼일째입니다,많이 힘드신가봅니다,1
헤어진지 이주가 좀 넘었네,마음이 복잡할 때입니다,1
헤어진지 한 달 되는날,이제 좀 괜찮아졌길 바랍니다,1
헤어진지 한달,많이 힘들지 않았으면 좋겠어요,1
헤어진지 한달 됐어,시간이 벌써 흘렀네요,1
헤어진지도 어느덧 반년,힘들 때가 지나갔길 바랄게요,1
헤어짐 통보후 한달만에 연락이 왔는데,마음 가는 대로 해보세요,1
헤어짐이 힘든이유,사랑했으니까요,1
현실적인 문제에 이별이 다가오고 있어,현실적인 문제가 중요할 때가 있죠,1
고민상담 가능,네 말씀해주세요,1
혼자 사랑했나봐,더 많이 사랑한 거겠죠,1
혼자 있는 시간이 정말 힘드네,자신에게 돌아가는 시간이 힘들겠네요,1
혼자 해야 돼,혼자서도 잘하는 연습이 필요해요,1
혼자라는건 여전히 많이 힘드네,많이 힘들지 않길 바랄게요,1
화장실,화장실 가세요,1
환승 이별 후 재회했는데 이젠 진짜 끝을 내야하나,마음에게 물어보세요,1
환승이별인지 이제라도 안 것에 감사해야할지,그런 사람 얼른 잊으세요,1
황당하지만 재미난 일이 생겼네ㅎㅎ,무슨 일인지 말씀해주세요,1
후,힘을 내세요,1
후기 입니다,말씀해주세요,1
후아 힘드네,힘내라는 진부한 말 건네봅니다,1
후회,후회 하고 있나요,1
후회없이 사랑했어,후회가 없다니 다행이에요,1
휴 전남친 흔적찾기,찾으려고 노력하지 마세요,1
휴대폰 켜면서 기대하는 것 좀 그만하고 싶네,잠시 꺼두는 건 어떨까요,1
흐음이거고민인데여;;,무슨 고민인지 말해보세요,1
흔한 군인의 이별,안 흔해요,1
힘껏 아파하고 몸부림 치면서 살고 있어,아파하는 만큼 성장할 거예요,1
힘드네 포기라는게,기대가 있으니까요,1
힘든 사랑,이렇게 힘들 줄 몰랐지요,1
힘들 거라고 말했는데,정말 힘들 줄 몰랐겠죠,1
힘들어 미치겠습니다,언젠가 다 잊을 거예요,1
힘듭니다,어떤 말도 위로가 되지 않겠지만 힘내세요,1
짝사랑만큼 고통스러운 건 없겠지,짝사랑 만큼 감정소모가 큰 건 없을 거예요,2
가슴이 뛰어,사랑의 증상이예요,2
각자 집에 인사드리러 가,제가 더 떨리네요,2
갑자기 사랑한다고 이야기해도 될까,갑자기 말하면 상대방이 당황하지 않을까요,2
강아지 좋아하는 여자 어때,마음이 따뜻할 것 같아요,2
같이 있자고 말해도 될까,두려워말고 말해보세요,2
거래처 직원을 좋아하게 됐는데 어떻게 연락할까,관계를 지속해도 되는 사이라면 직접 물어보는게 좋겠어요,2
게스트하우스에서 만난 짝녀와 남은 일정을 같이 여행하고싶어,일정 안 짰다고 하면서 일정을 물어보세요,2
결혼 결심한 계기가 있었어,내가 싫어하는 걸 아무것도 안해서요,2
결혼 전에 다이어트 해야겠지,꼭 해야 할 필요는 없어요,2
결혼 준비하면서 못 보던 모습을 보게 돼,본 모습일지도 몰라요,2
결혼식 날짜 잡았대,축하해주세요,2
결혼은 하고 싶은데 며느리는 되기 싫어,그럼 어머니가 없는 남자를 만나서 결혼하세요,2
결혼적령기가 지나면 결혼하기 힘들겠지,내가 결혼할 때가 결혼적령기예요,2
결혼하는데 돈이 엄청 드네,스몰웨딩으로 준비하면 조금이라도 줄일 수 있을 거예요,2
결혼하면좋을까,누구랑 하느냐에 따라 다르겠지요,2
결혼해서도 설렐까,노력하면 얼마든지 가능해요,2
계속 그리워,그리워만 하지 말고 연락해보세요,2
고마워,감사합니다,2
고백 받으면 기분 어떨까,사랑하는 사람이니까 좋을 거예요,2
고백조차 못해보고 끝났어,아직도 사랑한다면 용기를 내서 다시 시작해보세요,2
고백한 애가 톡이 안와,바쁘거나 감정의 변화가 생겼을지도 모르겠어요,2
고백했다 차이면 어쩌지,진심으로 고백하면 좋은 결과가 있을 거예요,2
공시생인데 연애 해도 될까,공부랑 연애랑 둘 다 잘하고 싶은 욕심쟁이네요,2
관심을 받는다는거,참 좋죠,2
괜히 화가 나서 짝남한테 연락 끊자고 했어,상처를 받지 않기 위한 선택이었을 거예요,2
교회에 좋아하는 여자애가 생겼어,일요일이 기다려지겠네요,2
구썸남 인스타에 좋아요 누름,좋아요 정도는 괜찮을 거예요,2
군대가기 전인데 썸녀한테 고백해도 될까,상대방이 부담을 느낄지 생각해보세요,2
권태기가 찾아온 이유,편안하고 익숙해져서 그런 것 같네요,2
그 사람 이상형 알고 싶어,주변 사람들한테 물어보는 것도 좋을 것 같아요,2
그 사람이 날 좋아하는 이유가 뭘까,그 자체죠,2
그 여자를 좋아해도 되는지 고민이 됩니다,좋아해선 안되는 사람인가봐요,2
그녀가 지금 내 눈앞에 있습니다,저랑 이야기할 때가 아니네요,2
그녀는 조금이라도 내 생각을 할까,제가 생각해드릴게요,2
그녀도 내 생각을 할까,연락해 보는게 좋겠어요,2
그는 나를 어떻게 생각할까,글쎄요,2
그는 지금 무슨 생각을 할까,연락을 해보세요,2
그를 좋아하면 내가 비참해지는거 아는데도 포기가 안돼,비참한 사랑이라면 늦기 전에 정리하는게 좋아요,2
그저 그런 연애,그게 제일 힘들어요,2
기다림 속에 갇혀 있어,그 속에서 나오세요,2
꼬시는 방법,그 사람이 좋아하는 걸 알아보세요,2
꿈에서 자꾸 어떤 여자애가 나와,자기도 모르는 사이에 관심이 생긴 건 아닐까요 차분히 생각해 보세요,2
나 그대로를 사랑해줄 사람 있나,분명히 있을 거예요,2
나 보고 잘 웃는 여자애 나 좋아하는 건가,직접 알아보는 것이 좋아요,2
나 사랑할 자격 없는 사람이야,사랑에는 조건이 필요없어요,2
나 쉬운 남자 아니야,서로 존중하는 마음이 중요할 거예요,2
나 얘를 좋아하는 걸까,있었던 일을 차분히 생각해봐요,2
나 왜 사랑해,당신이니까요,2
나 자체를 사랑해줄 사람이 있을까,잘 찾아보세요,2
나 좋아하는 애 생겼나봐,좋은 소식 아닌가요,2
나 진심인데,진심이 꼭 전해질 거예요,2
나는 꼼꼼한데 여친은 안 꼼꼼해,꼼꼼함을 강요하지 말고 이해해주세요,2
나는 사랑 표현이 어색한데 여자친구는 너무 적극적인 표현을 원해,적극적으로 표현해주는 게 좋겠죠 어색하지만 연습해보세요,2
나도 모르게 니 생각을 하고 있어,무의식이 진심을 말하죠,2
나랑 맨날 엮이는 사람이 있는데 좋아졌어,부딛히는 일이 많아 호감이 생겼나봐요,2
나랑만 연락하면,썸일 가능성이 높겠죠,2
나를 정말 사랑하는 걸까,사랑 받는 자신이 알겠죠,2
나를 좋아하는 애랑 친구 가능,그건 좀 힘들 것 같아요,2
나를 진심으로 좋아해주는 사람이 생겼으면 소원이 없겠어,언젠간 인연이 닿을 거예요,2
나만 왜 이렇게 사랑이 힘들까,서로 다른 두 사람이 만나는 거라 더 힘든 것 같아요,2
나쁜 사람인 걸 아는데도 좋아하는 마음이 사라지지 않아,나쁜 사람일수록 끌리기도 하죠,2
나이 차이 많이 나는 여자 어때,사랑에 나이는 중요하지 않아요,2
나이를 먹을수록 새로운 사람 만나는게 두려워,두려워도 도전한 만큼 좋은 결과 있을 거예요,2
나한테 너무 잘해줘서 이래도 되나 싶어,존재 자체로 큰 힘이 되어주고 있나봅니다,2
나한테 잘해주는데 썸일까,호감이 있을 수도 있어요 그렇지만 조금 더 상황을 지켜보세요,2
나혼자 설레발 치는게 짜증나,짝사랑이 그런가봐요,2
날 사랑하는 이유가 뭘까,당신 존재 자체만으로 이유가 됩니다,2
날 좋아한다는 남자애가 행동이 이상해,애매하게 행동하나봐요,2
남사친이 남자로 느껴질때 있어,이성이니까 당연히 있죠,2
남사친이랑 사귀는 거 가능,가능해요,2
남자가 돈을 더 써야하는게 일반적이야,상황에 따라 다르죠,2
남자는 먼저 고백하면 관심 사라짐,이 무슨 이상한 소리죠,2
남자는 호감 없으면 연락 안해,귀찮으면 연락 안하죠,2
남자들은 여자가 본인 좋아하는거 눈치 못 채나,다 알고 있을 거예요,2
남자들은 좋아하는 여자한테 이럴 수 있어,어떤 행동이냐에 따라 다르겠지요,2
남자에게 첫사랑이란,처음한 사랑,2
남자친구 소개시키는 자리 내가 더 떨려,남자친구는 더 떨고 있을 거예요,2
남자친구 자취 선물로 뭐가 좋을까,직접 물어보는 게 편할 거 같아요,2
남자친구가 게임을 너무하는게 고민이야,같이 게임을 해보세요,2
남자친구가 나를 떠날까봐 고민이야,괜한 걱정하지 마요,2
남자친구가 너무 객관적이야,좀 더 내 편이 되어달라고 해보세요,2
남자친구가 너무 소심해,직설적으로 통보하는 말보다는 조금 더 부드럽게 권유하고 물어보는 말을 해보세요,2
남자친구가 다른 여자들에게 인기가 많아,인기 많은 남자친구가 있어 든든할 거 같아요,2
남자친구가 되어줘,네 많은 이야기를 나눠봐요,2
남자친구가 뭔가 수상한데 말을 안해,말할 때까지 조금 기다려주세요,2
남자친구가 살이 너무 쪘어,같이 식단조절을 해봐요,2
남자친구가 술주정 부려,포기하거나 이해하거나 둘 중 하나예요,2
남자친구가 연애하는데 가끔씩 막말을 해,막말은 진짜 아니네요,2
남자친구가 작은 일을 다 잊어버려,작은 일은 사소한 걸로 생각해버려서 금방 잊어버리나 봅니다 중요한 일이라는 것을 인지시켜주세요,2
남자친구가 좋은데 눈치가 없어,눈치는 선천적인 거예요,2
남자친구가 질투하는 거 귀여워,은근 기분이 좋죠,2
남자친구가 충고만 해서 상처받아,아예 처음에 말할 때부터 조언이 아니라 귀 기울여주고 맞장구쳐 달라고 해보세요,2
남자친구가 표현을 하게하고싶은데 방법을 잘 모르겠어,작은 표현에 감동받았다고 해봐요,2
남자친구랑 말이 안 통해,서로 공통 관심사를 찾아보세요,2
남자친구를 질리게하는 행동들이 뭐가 있어,구속과 집착이겠죠,2
남자친구에게 힘들때 어떻게해,의지하는 편이에요,2
남자친구와 진도가 보통 어때,사람마다 다르겠죠,2
남자친구의 과거 어디까지 이해해,아예 알려고 하지 않는 게 편한 거 같아요,2
남자친구의 입냄새가 고민이야,가글 사줘요,2
남자친구하고 커플티를 하고싶은데 어디거를 할까,좋아하는 브랜드가 좋겠어요,2
남자친구한테 핸드폰 공개해,공개해요,2
남친 생겼는데 호칭 어떻게 해,딱 보면 떠오르는 걸로 해보세요,2
남친 투정이 심해,대화를 통해 적절한 합의점을 찾아보세요,2
남친이 나보다 눈물이 더 많아,감수성이 풍부한 사람이군요,2
남친이 안 좋은 사이트를 하는거같아,빠질까봐 걱정된다고 말해보세요,2
남편은 진짜 남의 편인가,당신 편으로 만들어보세요,2
남편이 날 진심으로 사랑하는 걸까,남편을 의심하지 마세요,2
남편이 츤데레 스타일이야,귀엽겠네요,2
내 기준 괜찮은 사람 발견했는데 남친 있는지 물어봐도 돼,얼른 물어보세요,2
내 마음에 온통 너야,올인은 좋은게 아니에요,2
내 사랑이 있을까,눈을 크게 뜨고 잘 찾아보세요,2
내 이상형도 아닌데 그 여자를 왜 좋아하는지 모르겠어,이상형은 이상형일 뿐이니까요,2
내 친구가 내 짝남 욕을 계속 해,친구가 좋아하는지 모르고 있나 봅니다,2
내가 그 사람을 좋아하는건지 아닌지 착각이 들어,확신이 서지 않을 때가 있지요,2
내가 그사람한테 필요했으면 좋겠어,사적 영역에 깊숙이 들어가보세요,2
내가 누굴 좋아하는지 헷갈리면 이상해,확신이 없다면 헷갈릴 수 있지요,2
내가 사랑하는 사람이 나를 사랑했으면,그 사람도 당신을 사랑하고 있을지도 몰라요,2
내가 싫은 건 너도 싫어해줘서 고마워,싫은 게 통해야 편하죠,2
내가 오랫동안 좋아하던 사람이 날 몰라,자신의 존재를 알리는 게 우선이겠네요,2
내가 좋아하는 걸 티냈는데 그 사람은 반응이 없어,서로 마음이 같았으면 좋았을텐데 안타깝네요,2
내가 좋아하는 사람이 나를 좋아하는지 모르겠어,주변에 물어보는 건 어떨까요,2
내가 좋아하는 사람이 누군지 점점 헷갈려,결정적인 감정의 변화가 없었나봐요,2
내가 좋아하는 애가 날 좋아하는 것 같으면 갑자기 정 떨어지고 뭔가 싫어짐,어떤 심리일까요,2
내가 좋아하는걸 그사람이 알았으면 좋겠어,마음을 조금씩 전해보세요,2
내가 좋아해도 될까,좋아하는데 자격은 없어요,2
내가 최대한 잘해줘도 불만이 많아,서로 원하는 기대치가 다른 것 같아요,2
내일 결혼식이야,떨리겠어요,2
내일 짝녀랑 영화보러갑니다,많이 떨리겠어요,2
너라서 행복해,달콤한 말이예요,2
너무 잘해주면 질려하나,좋은 사람이라면 고마워할 거예요,2
너무 행복해 오래갈 수 있을까,노력하면 가능할 거예요,2
노는 거 좋아하는 사람은 좋아하면 힘들거야,지금은 괜찮더라도 힘들 거예요,2
누가 더 사랑할까,누가 더 사랑하는지는 중요하지 않아요,2
누군가를 좋아하는게 이렇게 힘들줄 알았다면 시작도 안했을거야,후회하고 번복하게 되는게 참 이상하죠,2
눈에서 멀어져도 좋아하는 건 어떡하죠,생각에서 멀어지지 않았나봐요,2
다 잘맞는데 가치관이 다른 연애가 고민,가치관이 중요한 거 같아요,2
다시 썸 타는 방법,천천히 다시 다가가보세요,2
단 하루도 널 사랑하지 않은 날이 없었어,멋진 말이네요,2
대출 엄청 끼고 집 사,갚을 능력이 되는지 생각해보세요,2
대화가 잘 통하는 사람이야,그런 사람 놓치지 마세요,2
더 사랑해줘,사랑해요,2
데이트 장소,영화관 공원 놀이동산 바다 산 축제 도서관 엄청 많죠,2
데이트비용이 너무 많이 나와,같이 상의해보세요,2
도대체 사랑이 뭐니,당신이 사랑이라고 생각하는 모든 것들이 사랑이라고 할 수 있어요,2
동거하는데 헤어져야할 거 같아,단점들을 많이 봤나봐요,2
동물 좋아하는 사람 어때,동물 좋아하는 사람치고 나쁜 사람 없어요,2
동성을 좋아하는게 비정상이 아닌걸 아는데 고백하는건 망설여져,고백은 아무래도 더 큰 용기가 필요하니까요,2
두 여자 사이에서 갈등하고 있어,빠른 선택으로 모두에게 상처를 덜 주길 바랍니다,2
드레스 입어보는 거 재밌어,여러벌 입어보고 마음에 드는걸로 선택하세요,2
또 사랑이 올 줄 몰랐어,사랑을 시작하게,2
랜선 연애 중,현실 연애로 이어지길 바랍니다,2
롱디인데 너무 보고 싶어,떨어져 있는 만큼 더 그리울 거 같아요,2
마음에 드는 여자가 있어요,자신감 있게 다가가 보세요,2
마음을 들켰나봐,그냥 다 말해보세요,2
마음이 예쁜 사람 만나고 싶어,마음이 예쁜 사람을 찾는 게 더 힘들 거예요,2
만나도 불안하면 어떡해,믿음이 아직 부족한가봐요,2
만난지 얼마 안됐는데 고백받았어,정말 좋아했나봐요,2
많이 만났는데 아직도 왜 모르지,상대방은 당신의 마음을 읽을 수 없어요,2
말 없이 찾아가는건 예의가 아니겠지,그건 좀 아닌 듯합니다,2
말할 때 너무 떨려,잘 보이고 싶은 마음이 커서 그런 것 같아요,2
맞추려고 노력하는데 힘들어,나와 다를 수 있음을 인정하고 그 모습마저 사랑해주세요,2
매일 아침 정류장에서 마주하는 그녀,아침에 두근거리겠어요,2
매주 수요일 그녀를 만날 수 있어,삶의 활력소가 되겠네요,2
매주 화요일 그를 볼 수 있어,이날만 기다리겠어요,2
먼저 고백하는 게 좋을까,고백하는 게 좋지만 슬쩍 호감을 표현해보세요,2
메리지블루인가봐,서로에게 의지해보세요,2
몇 달을 좋아했는데 달라진게 없어요,발전적인 관계가 아니라면 정리가 필요한 시기네요,2
모르는 사이에 좋아하는 티 내는 법 알려주세요,사소한 걸 기억해서 말을 걸어보세요,2
모임에서 썸 깨졌는데,같은 모임이라면 안 나가는 게 좋을 것 같네요,2
몰래 동거하고 있어,허락을 맡고 당당하게 하는 게 좋을 것 같아요,2
무조건 나한테 다 맞춰주는 남자친구 변하면 어떡하지,변하는 걸 걱정하면 아무것도 못해요,2
미래를 함께할 반려자인지 확신이 아직 없어,확신이 들때까지 기다려보세요,2
밀당은 어떻게 해,자신이 바쁘면 자연스럽게 밀당이 됩니다,2
발 맞춰 걷는 게 좋더라,당신은 군대가 체질에 맞는거 같아요,2
밤인데 전화해도 되나,양해를 구해보세요,2
배우자라고 하니까 이상해,익숙해져야죠,2
보통 좋아하는 애 생기면 먼저 연락해,대부분은 먼저 연락하곤 해요,2
봄 타나 봄,봄은 두근두근하죠,2
부모님께 보여드리고 싶은 사람 있어,사랑하는 사람인가봐요,2
분명 짝남 정리해야지 마음 먹었는데 이상하지,또 마주하면 반갑고 애틋하게 되죠,2
비혼주의자인데 만나도 될까,결혼하지 않고 살 수 있을지 생각해보세요,2
뽑은 인형 짝녀에게 주면 좋아할까,좋아하는 마음과 상관없이 좋아할 거예요,2
사귀기로 했는데 존댓말 계속 써도 돼,존댓말 쓰면 덜 싸운대요,2
사귀면 좋을까,안 사귀는 것보다 좋지요,2
사귄지 한달됐어,한창 달달할 때네요,2
사내커플인데 비밀연애임 답답해,비밀연애가 말도 못하고 힘들죠,2
사랑 고민,무엇이든 말해보세요,2
사랑 못 받는 느낌에 우울해,솔직하게 대화해보세요,2
사랑 앞에서 죄인이 돼,사랑하는 건 죄가 아니에요,2
사랑 힘들다,상대방도 좋지만 나를 먼저 사랑해주세요,2
사랑만 보고 하는 결혼 사랑 없는 결혼,사랑만 보고 하지도 않고 사랑 없이 하지도 않아요,2
사랑받는 행복을 알게 해준 너,그 사람과 잘 만나보세요,2
사랑없이 결혼 가능해,나이가 들고 그렇게 하기도 하는데 살면서 생기는 정으로 사는 듯합니다,2
사랑에 빠진 거 같아,행복해보여요,2
사랑은 돌아오는 거야,사랑은 마음에 안고 사는 거예요,2
사랑은 주고 받는 거지,사랑은 한 없이 줘도 아깝지 않은거라고 생각해요,2
사랑을 했다,예쁜 사랑이었길 바랍니다,2
사랑의 끝은 뭘까,사랑하지 않는 것이죠,2
사랑이 구체적으로 뭐야,종족번식을 위한 일시적인 호르몬 작용일 수도 있어요,2
사랑이 뭐가 대수라고,사랑은 살아가면서 정말 중요한 감정이예요,2
사랑이 뭔지 넌 알아,저도 잘 모르겠어요,2
사랑이 밥 먹여주나요,같이 밥을 먹어주죠,2
사랑이 안 변했으면 좋겠다,저도요,2
사랑이 정말 있을까,없어요 일시적인 감정 교란일 뿐 아무것도 아니에요,2
사랑하고 사람이 달라졌어,화학 물질이 접촉하는 것처럼 반응이 일어나서 완전히 바뀌게 되죠,2
사랑하냐고 왜 물어봐,확인 받고 싶어서요,2
사랑하는 사람 잊어야 할 거 같아,충분히 아파하면서 충분한 시간이 필요할 거예요,2
사랑하는 사람을 계속 기다려야 할까요,기한을 정하고 기다리세요,2
사랑하는 사람이 있어,어서 어서 고백해봐요,2
사랑하는 사람이랑 살고싶어,행복한 상상은 현실에 반영된다고 해요,2
사랑하는데 그리워,그리우면 그립다고 말해보세요,2
사랑하는데 미지근한 거 같아,불타오르는 사랑만 사랑인건 아니에요,2
사랑하는데 힘들어,사랑에 지쳤나봐요,2
사랑하면 마냥 좋은 건 아닌 거 같아,사랑이 모든걸 해결해주지는 않아요,2
사랑하면 안될 사랑을 사랑하고 있어,위험한 사랑이네요,2
사랑하지 않는데 만나는 거 같아,감정에 솔직해 지세요,2
사랑한다고 말해주면 뭐가 덧나나,사랑한다고 표현해달라고 말해보세요,2
사랑한다는 말 아껴야할까,사랑한다는 말 아끼지 말고 언제든지 표현해주세요,2
사랑할수록 나만 손해인 거 같은 느낌이야,사랑은 따지는 게 아니고 다 주고도 더 주지 못해 미안해하는 거예요,2
사랑해,하늘 만큼 땅 만큼 사랑해요,2
사랑해본적 없는 것 같아,부모님이 서운하겠네요,2
사랑해서 너무 행복해,어쩐지 행복해 보이더라구요,2
사생활 좀 존중해줬으면,서로의 선에 대해 대화를 나눠보세요,2
삼각관계인가,상처받지 않으셨으면 좋겠네요,2
상메가 제 얘기 같아요,관심이 없었다면 상메에도 없었을 거예요,2
새로운 사랑이 좋을까,마음에 이끌리는대로 하세요,2
서로 좋아하는 것 같은건 내 착각일까,착각이 아닐지도 몰라요,2
서운한거를 다말해 아니면 어디까지 말해,스스로 깨달을 수 있게 해주세요,2
설렘이 사라진 거 같아,편한 사랑도 사랑이에요,2
세상이 감미로워보여,사랑에 빠졌나봐요,2
소개팅 나온 여자애가 너무 좋은데 나만 좋아하는거같아 어떻게 날 좋아하게하지,매력을 마음껏 어필해보세요,2
소개팅 어색할까봐 안해봤는데,해보는 것도 나쁘지 않을 거예요,2
소개팅하고 애프터까지 왔는데 설렘이 없어,조금 더 만나보고 결정하는 건 어떨까요,2
수수한 여자가 좋아,수수한데 예쁜 여자라고 말해야죠,2
술 먹고 짝녀한테 전화하는 거 싫어하나,술 먹고 전화하는건 실례일 수 있어요,2
술집에서 헌팅했어,축하해요,2
스킨십 속도가 쫌 빨라,원치 않으면 싫다고 말하세요,2
스킨십 해볼까,서로의 마음이 중요하겠죠,2
스튜디오 촬영은 하지 말까,결혼 준비는 선택의 연속이에요,2
시험 앞두고 짝남이 생겨버렸어,마인드 컨트롤을 하는게 중요하겠어요,2
신혼같지가 않아,약간의 변화를 줘보세요,2
싫어졌다가 좋아지는 경우도 있나요,사람 마음은 알다가도 모르니까 그럴 수 있어요,2
싸우고 시간을 갖자하면 보통 며칠 만에 연락해,짧으면 짧을 수록 좋겠죠,2
싸울 때 이겨낼 수 있는 방법이 있을까,사랑하게 된 이유를 써놓고 사랑이 힘겨울때 꺼내 읽어보세요,2
썸 깨지고,당당하게 지내세요,2
썸 끝난거지,안 사귀면 끝이죠,2
썸 끝냈는데 너무 힘들어,좋아하는 마음이 생각보다 컸나봐요,2
썸 사이에서 원래 질투유발하고 그래,하기도 하죠,2
썸 오래타면 오래 못 사겨,썸 기간이랑 사귀는 기간은 케이스 바이 케이스입니다,2
썸 중에는 선톡이 중요,먼저 연락해보세요,2
썸 타고 있는데 주변에 말해,굳이 말할 필요는 없는 거 같아요,2
썸 타는 거 때문에 친구들이 놀려,당당하게 나가세요,2
썸 타는 것도 귀찮아,그냥 사귀세요,2
썸 타는 노래 듣는 중인데 좋아,썸 탈 때 듣기 딱이죠,2
썸 타는 사람 생일이야 선물 사야 해,서로에게 부담 없는 작은 선물이 좋아요,2
썸 타는 사람 있는데 불안해,사귀기 전에는 다 불안해요,2
썸 타는 사람한테 영통 걸까,영통 걸어도 되는지 물어보고 걸어보세요,2
썸 타는 사이인데 너무 간섭이 심해,사귀면 더 하겠네요,2
썸 타는 여자가 남사친 만나러 간다는데 뭐라 해,우리가 아직 사귀는 사이가 아닌데 별로 기분은 안 좋은 거 같다고 말해봐요,2
썸 타는 여자애한테 벚꽃 보러 가자고 해도 돼,벚꽃 놀이 좋죠,2
썸 타는 중인데 난 직장인이고 얘는 학생이야,만남에 무슨 문제가 있었나요,2
썸 타는 중인데 안 설레,좋아하는 감정에는 다양한 방식이 있어요 차분히 생각해 보는건 어떨까요,2
썸 타는데 어디 가자고 할까,가고 싶은 곳이 있는지 연락해 보세요,2
썸 타다 고백할 시기,썸은 짧은 게 좋습니다,2
썸 타다가 고백하고 차였는데 연락해도 될까,상대방이 부담스럽지 않을까요,2
썸 타던 사이인데 부담 돼 연락 무시해도 될까,부담되면 마음이 가지 않는 거니 정리도 필요하겠네요,2
썸 탈 때 단답이나 줄임말 쓰지마,아무래도 장답이나 설명이 좋겠죠,2
썸 탈 때 어디가,가고 싶은 곳이 있는지 연락해 보세요,2
썸 탈 때는 설렜는데 사귀면 마음이 식을까,아니에요 서로 마음을 확인하며 잘해주면 돼요 대화를 통해 꾸준히 감정을 나누세요,2
썸 탔던 애 친구해도 되나,소극적으로 표현했다면 친구해도 좋을 것 같습니다,2
썸남 꿈 꿨어,그분 생각을 많이 했나 봐요 곧 좋은 소식이 들리려고 하는 것 아닐까요,2
썸남 발렌타인 선물 뭐가 좋을까,부담스럽지 않은 선이 좋겠어요,2
썸남 인스타 좋아요 눌러버렸어,좋아요 정도는 괜찮아요,2
썸남 태도가 맘에 안들어,고칠 수 있는지 생각해보세요,2
썸남이 나한테 무관심한 것 같아,만남에 무슨 문제가 있었나요,2
썸남이 술 취한 상태로 고백함 기억할까,기억하냐고 물어보세요,2
썸남이 오디션 나간대,응원해주세요,2
썸남이랑 궁합,사귀고 나서 해봐도 늦지 않아요,2
썸남이랑 벚꽃 놀이 가고 싶어,벚꽃 놀이 가자고 연락해 보세요,2
썸남인데 모텔 가자고 함 어떻게 거절해,본인의 의사를 분명히 표현하는 것이 중요해요,2
썸남한테 뭐라고 카톡하지,그냥 뭐하냐고 물어보세요,2
썸남한테 책 같이 읽자고 할까,도서관 데이트나 서점 데이트 좋을 거 같아요,2
썸녀 만나는데 뭐 입지,편한 옷차림도 괜찮지만 어느 정도 격식은 차리는 게 좋아요,2
썸녀가 그냥 오빠 동생으로 지내자 했음,썸 종료네요,2
썸녀랑 밥 먹는데 어디가지,어떤 음식을 좋아하는지 물어보고 맛집을 찾아봐요 그래도 이왕이면 맛있고 분위기 좋은 곳이 좋겠죠,2
썸도 문화차이가 있나,사람 마다 다르겠지요,2
썸에도 유통기한이 있어,관계의 정도에 따라 다르겠지만 너무 길면 안좋지 않을까요,2
썸에서 자꾸 끝나요,용기내서 먼저 다가가 보세요,2
썸은 왜 타,사귀기 전에 마음을 확인하는 단계라서 그렇지 않을까요,2
썸의 기준이 뭐야,둘 중 누구든 고백하면 사귀게 되는 게 썸이죠,2
썸이 뭐야,사귀기 전 단계지요,2
썸이었으면 좋겠어,호감을 표현해보는 것도 좋을 것 같아요,2
썸인가 애매한 거 싫어,직접적이든 간접적이든 의사를 확실히 밝혀보세요,2
썸인데 스킨십 어디까지 괜찮아,사람마다 다르겠지만 사귀고 난 후가 좋겠어요,2
썸인데 영화보재 뭐 보지,공포영화나 액션은 어떨까요 스킨십으로 이어질 수도 있어요,2
썸인지 아닌지 알 수 있나,연락하는 패턴으로 가늠해보세요,2
썸인지 어장인지,호감을 표현해보는 것도 좋을 것아요,2
썸일 때도 스킨십 하고 싶어,자연스러운 현상이에요,2
썸타고 있는데 소개팅 나가도 될까요,사귀고 있지 않으면 나가도 괜찮아요,2
썸타는 애랑 노래방 가는데,듀엣곡 연습하고 가세요,2
썸타다 끝났나,지금 연락해보세요,2
썸탈때 카톡,많이하면 좋지요,2
아기 좋아하는 남자 어때,착할 거 같아요,2
아름다운 이별은 없겠지,사랑한 후에 좋은 추억이 남을 거예요,2
아무리 지쳐도 집에 가면 있는 내편,든든하겠어요,2
아직도 좋아하는 사람이 있는데,많이 힘들겠어요,2
안경 쓰는 여자애 좋아하는 남자 있어,그런 건 중요하지 않아요,2
애니 좋아하는 남자 별로임,상관없어요,2
애인이 있는데 좋아하는 사람이 생겼어요,마음으로 바람피는 거네요,2
약속을 계속 미루는 썸남,약속을 소홀히 생각하는 사람은 믿음직스럽지 못해요,2
어떤 사람 꿈 꾸고 나서 호감 생겼어,충분히 그럴 수 있어요,2
어떤 여자가 나한테 끼 부려,나한테만 부리면 좋아요,2
어떻게 심쿵하게 하지,평소 흘려 이야기했던 걸 기억해주고 생각하고 있다는 걸 알려주세요,2
어떻게 해야 오래 만날 수 있을까,서로 배려하고 대화하는 게 중요한 것 같아요,2
어장인거 아는데도 좋아해,마음을 접는게 쉽진 않아요,2
어제 짝남이랑 꿈에서 놀았는데 다시 꾸고 싶다,꿈에서 깨어난 게 아쉽겠어요,2
어플로 만난 남자친구 계속 만나는게 맞는걸까,어떻게 만났든 마음만 진짜면 돼요,2
엠티 가는데 짝남이랑 같은 조 됐으면 좋겠다,꼭 같은 조 되길 바랄게요,2
여린 마음에 상처준 건 아닐까,상처를 줬다면 치유해주세요,2
여사친이 좋아진 것 같애,좋아진 이상 이성으로 다가가야죠,2
여사친인데 좋아하는 듯,친구와 썸의 중간인 거 같아요,2
여자는 호감 없어도 잘해줘,본래 성격이 그럴 수도 있어요,2
여자들은 좋아하는 사람한테만 잘해줘,사람 마다 다르겠지만 좋아하는 사람한테 더 잘할 거예요,2
여자들이 보통 좋아하는 음식이 뭐야,사람 마다 다르겠지요,2
여자랑 단둘이 술마시는 남자친구를 이해해줘야할까,이해할 수 없어요,2
여자친구 만나고왔어,좋은 만남이었길 바랍니다,2
여자친구 쌩얼 보고 배신감 느껴,쌩얼도 사랑해 주세요,2
여자친구 집까지 데려다주려고,매너 있네요,2
여자친구가 계획적이지 않아서 스트레스 받아,성격 차이니 받아들여보세요,2
여자친구가 나를 안 질려하려면 뭘 준비해야할까,새로운 데이트 코스를 찾아보세요,2
여자친구가 너무 어린거 같아,나이 차이는 극복할 수 있어요,2
여자친구가 눈치가 없어,같이 눈치 없이 나가봐요,2
여자친구가 돈을 안 써,부담된다고 살짝 말해보세요,2
여자친구가 바쁜걸 이해못해,여자친구의 서운함을 풀어주려 노력해보세요,2
여자친구가 살이 너무 쪄서 고민임,같이 운동해봐요,2
여자친구가 술만 마시면 필름이 끊기는데 너무 걱정돼,필름 끊기는 거 치매의 초기 증상이에요,2
여자친구가 애교 많았으면 좋겠어,직접 애교를 부려보세요,2
여자친구가 연애하는데 가끔씩 막말을 해,막말에 상처받지 않았으면 좋겠어요,2
여자친구가 자꾸 구속해,믿음을 주세요,2
여자친구가 잘 삐져,더 관심을 가져주세요,2
여자친구가 좋은데 왠지 모르게 귀찮아,귀찮은 마음이 더 큰 것 같네요,2
여자친구가 커피를 못 마셔서 카페 대신에 갈만한 곳,카페 가서 차 마셔도 돼요,2
여자친구가 표현을 하게하고싶은데 방법을 잘 모르겠어,작은 표현에도 과하게 리액션해봐요,2
여자친구랑 뭐하고 노나,얼굴 보고만 있어도 좋죠,2
여자친구랑 피시방데이트도하고싶은데 어떻게 말을 할까,카페처럼 생긴 피시방이라면 데이트도 문제 없을 거예요,2
여자친구에게 해줄만한 화장품 선물 뭐가 있을까,개인이 원하는 게 있을 거예요,2
여자친구와 첫키스는 언제했어,뭐 이런 걸 물어보시나요,2
여자친구의 이성친구가 고민이야,만날 때 같이 만나세요,2
여자친구한테 더 이상 설레지 않아,생각 정리할 시간이 필요하겠네요,2
여자한테 언제 설레,그냥 얼굴 보면 설레요,2
여친 있는 짝남이 너무 친절하게 대해줘서 착각하게 돼요,상대를 헷갈리게 하는 건 좋지 않아요,2
여친이 나를 안 좋아하는데 내가 붙잡고 있는 것 같아요,충분한 대화를 나눈 후에 결정을 내리는게 좋겠네요,2
여친이 안 좋은 사이트 해,빠질까봐 걱정된다고 말해보세요,2
여친하고 헤어진지 얼마 안됐는데 딴 사람 좋아하게 됨,사람은 사람으로 잊는 거예요,2
연극 보러 갈까,좋은 데이트가 되겠네요,2
연락 자주 하는데 친군가,친구는 귀찮아서 연락 안 하는데 썸의 가능성이 높아 보이네요,2
연락하고 싶어지네,연락해봐요,2
연애 고수 되려면,연애는 기술이 아니에요,2
연애 어떻게 하는지 까먹었어,해보면 생각날 거예요,2
연애 초보다 연락을 너무 안해,편해진 것 같네요,2
연애도 좋지만 내 시간도 중요한 나 정상일까,내 인생의 주인공은 나야 나,2
연애상담하더니 둘이 사귀더라,대화를 하다가 친해졌나봐요,2
연애세포가 다 죽었나,그럴 수 있어요 자연스럽게 대화를 먼저 이어나가는 건 어떨까요,2
연애하고 싶은데 좋아하는 사람이 없어,언젠간 당신에게도 사랑이 찾아올 거예요,2
연애할때 몇살 차이가 적당해,사랑에 나이 차이는 상관 없어요,2
연인과 어떤걸로 싸워,기억도 안 나는 사소한 일로 싸워요,2
영원한 사랑,항상 꿈 꾸죠,2
영화볼때 너무 목소리가 큰 남자친구가 고민,영화관 말고 다른 데서 보세요,2
예쁘니까 좋아하나,좋아하니까 예뻐보이는 걸 수도 있어요,2
오늘 꿈에는 짝남이 나왔으면,지금처럼 생각 많이 하고 자면 꿈이 나타날 거예요,2
오늘 서점에서 이상형 봤어,용기내서 말을 걸어보세요,2
오늘 짝남이 썸녀 생긴거 알게 돼서 술 좀 마셨어요,속이 답답하겠어요,2
오늘도 사랑해,달콤한 말이네요,2
오늘로 짝남 보내기로 했어요,힘든 결정이었을텐데 맘고생 많았어요,2
오늘처럼 사랑하기,오늘처럼 사랑하게 해달라고 기도합니다,2
오래 만났어,사랑은 유지하는 게 중요한데 대단하네요,2
오랜 연애로 여자친구가 잘 안꾸미고 나오는게 고민임,분위기 있는 데이트를 해봐요,2
오랜연애로 남자친구가 더 이상 새롭지않은게 고민임,새로운 데이트 코스를 찾아보세요,2
오해하는 거 같은데 어떡하지,오해할만한 일이 생겼을때는 솔직하게 이야기하고 풀어보세요,2
왜 사랑한다고 표현을 안 할까,표현이 어색해서 그럴 수도 있어요,2
요즘 내가 내가 아닌 거 같아,정신 차리세요,2
요즘 맨날 좋아하는 오빠가 꿈에 나와요,좋아하는 마음이 깊은 가봐요,2
우리 반 여자애를 좋아하는데,매일 봐서 좋겠네요,2
반장을 좋아해,반장이 멋진가봐요,2
우리 사랑이었을까,사랑이 있으면 헤어짐도 있는거예요 헤어졌다고 사랑이 아닌게 되지는 않아요,2
우린 운명이었어,운명이 아니였다면 사랑도 할 수 없었겠지요,2
운명적인 사랑을 믿었는데,진정한 운명을 만날 수 있는 기회가 생겼다고 생각하세요,2
원래 장난 잘 치는 성격인데 짝남 앞에서 넘 떨려서 노잼 돼,자신감을 가지세요,2
유부남 좋아하는 거 같아,마음정리하세요,2
유부녀 됐어,축하해요,2
의견 차이가 있을 때 나 너무 무시해,무시당하는 기분이 들어서 너무 외롭고 상처받게 된다고 차분하고 부드럽게 말해보세요,2
이 사람 없으면 못 살 거 같아,시간이 지나면 잘살고 있는 당신을 보게 될 거예요,2
이 세상에 나 혼자 남겨진 기분,당신은 절대 혼자가 아니에요,2
이 행복이 사라질까 두려워,두려워 하지 말고 그 감정에 충실하면 행복은 떠나지 않을거예요,2
이거 썸인가,고민 하고 있으면 썸의 가능성이 높겠네요,2
이게 썸인가,말해보세요 생각해 볼게요,2
이렇게 사랑 받아도 되나,행복한 고민이네요,2
이번 주말 그녀에게 연락해 볼까,주말 전에 연락해서 주말에 만나야죠,2
이상적인 관계는 뭘까,함께일 때 비로소 전부라고 느껴지는 연애가 아닐까 생각해봅니다,2
이제 그만 좋아하고 싶어,마음 단단히 잡길 바랄게요,2
이제 좀 지겨워진 거 같아,사랑하는 이유를 생각해보세요,2
인연이 있다고 생각해,저랑 당신도 인연이죠,2
자기 기준에 맞추라는 사람,이기적이네요,2
자꾸 날 칭찬하는 여자애 나한테 관심있는거 아니야,이제 상대방을 칭찬할 차례인 듯합니다,2
자신감 있는 여자가 좋아,자신을 사랑을 사람인가 봅니다,2
자취한다는데 뭘 챙겨줄까,직접 물어보는 게 좋을 것 같아요,2
잘 먹는 여자가 좋아,복스럽게 먹으면 더 좋죠,2
잘해줬더니 더 해달래,호의를 권리로 아는 사람 만나지 마세요,2
장거리 연애하면 보통 몇일에 한번 만나,상황에 따라 다르지 않을까요,2
장난인지 진심인지 구분이 안돼,장난스러운 성격이면 더 헷갈리기도 하죠,2
저를 좋아하는 사람은 없을 거예요,그건 절대 아닐 거예요,2
적극적인 여자가 좋아,솔직한 사람에게 매력을 느끼나봐요,2
전남친하고 짝남이 친구야,애매한 관계네요,2
절 찼던 여자애가 절 다시 좋아하는 건가요,직접 대화를 나누는게 필요하겠네요,2
정말 잘 맞는 사람이 있을까,잘 맞춰가는 사람이 있는 거겠죠,2
제가 좋아하는 사람이 맘 잡고 공부해야할 것 같다고 기다려달라는데 제 맘이 안별할까요,변할 수도 있지만 미리 걱정하지 말아요,2
좀 있으면 귀국하는데 짝녀에게 뭘 챙겨줄까,작은 것 하나라도 챙겨준다면 센스있는 사람이라고 생각할 거예요,2
좋아 하는 애한태 고백하는 방법좀,먼저 용기내서 고백하는게 좋을 듯 싶습니다,2
좋아하는 감정을 스스로 다스릴 수 있을까,쉬운일은 아니랍니다,2
좋아하는 감정이 뭐예요,가만히 있어도 생각나는 거 아닐까요,2
좋아하는 거랑 사랑하는게 다른 거야,마음에 농도 차인 것 같습니다,2
좋아하는 남자 때문에 너무 기분이 안 좋아,무슨 일이 있었나봐요,2
좋아하는 남자애 때문에 성적이 떨어졌어요,좋아하는 마음 때문에 공부 안한 당신 때문이에요,2
좋아하는 남자애가 게임을 좋아하는데 이야기 오래가는 소재 좀 알려줘,요즘 인기있는 게임을 검색해봐요,2
좋아하는 남자애가 우리 언니를 좋아한대,서글픈 사실이에요,2
좋아하는 남자애에게 어떤 생일선물을 주면 좋아할까요,필요한 게 뭔지 살펴보세요,2
좋아하는 남자의 단점을 들었는데도 좋아,사랑의 콩깍지가 씌었나봐요,2
좋아하는 마음 그만두기 힘든데 짝남이 헷갈리게 해,확실한 의사 표시를 해보는 건 어떨까요,2
좋아하는 마음이 안 생길 것 같다고 떠난 여자,이제 그녀를 놓아주세요,2
좋아하는 사람 생겼는데 페북 친구 신청 해도 될까요,다가가는 방법 가운데 하나죠,2
좋아하는 사람 앞에서 실례를 했어,생각만해도 소름돋네요,2
좋아하는 사람 얼굴이 이제 생각이 안나,오랫동안 만나지 못했나봐요,2
좋아하는 사람 직업이 좀 걸리는데 계속 좋아해도 될까요,본인이 괜찮다면 상관 없겠지요,2
좋아하는 사람만 보면 눈물이 나는데 어떡해,감정이 북받쳐오르나봐요,2
좋아하는 사람에 대한 예의가 없는 것 같아,예의없는 사람 좋아하지마세요,2
좋아하는 사람을 원망하게 될 것 같아,원망은 아픔만 남길 뿐이에요 털어버리세요,2
좋아하는 사람이 나를 부담스러워해,서로 마음이 같지 않았나봐요,2
좋아하는 사람이 너무 예뻐,내면을 더 들여다보세요,2
좋아하는 사람이 다른 여자랑 친해지는게 서운해,충분히 서운할 만해요,2
좋아하는 사람이 생기면 좋을 줄 알았는데 우울하기만 해,사랑이 내 맘같지 않으니까요,2
좋아하는 사람이 인기가 많은데 남친이 없어,본인이 원해서 그럴 수도 있어요,2
좋아하는 사람이 있는데 사연이 길어요,천천히 말씀해보세요,2
좋아하는 사람이 있는데 할 말이 없어서 연락이 끊겼어,또 다시 연락할 수 있어요,2
좋아하는 사람이 하는 행동에 하나씩 의미 부여하는게 짜증나,의미부여가 특히 사람을 기대하게 만들기 때문이에요,2
좋아하는 사람이랑 친구 가능해,그건 좀 힘들 것 같아요,2
좋아하는 사람한테 내가 자꾸 말거는 걸 귀찮아할까,정말 귀찮다면 답장하지 않을 거예요,2
좋아하는 사람한테 맨날 선톡하는데 부담스러워 하려나,맨날하지 말고 조금은 여지를 줘보세요,2
좋아하는 사람한테 티 안내는 사람 어떻게 생각해,각자의 방식이 있으니 존중해야 해요,2
좋아하는 애 상메가 무슨 뜻인지 모르겠어,궁금할만 해요,2
피해 다니면 좋아했던 마음이 좀 사라질까,한동안은 힘들겠지만 서서히 사라질 거예요,2
좋아하는 애가 좀 노는 애인데 좋아해도 돼,어떤 사람이냐에 따라 다릅니다,2
좋아하는 애랑 만나서 놀건데 뭐 먹는게 좋을까,좋아하는 음식을 알아보는 게 먼저일 거예요,2
좋아하는 애랑 전화하면,즐거울 거예요,2
좋아하는 애한테 선펨했는데 답장을 안해,바쁘거나 마음이 없는걸지도 모르겠어요,2
좋아하는 여선배가 있는데 말할 수도 없고 어떡함,왜 말을 못해요,2
좋아하는 여자 페북 친구도 아닌데 좋아요 눌렀음 쪽팔려,페북을 삭제하는 건 어떨까요,2
좋아하는 여자가 헤어질 때까지 기다렸다가 결국 사귀는게 가능할까요,좋아하는 마음이 있으면 가능하겠죠,2
좋아하는 여자애 앞에서 표정 관리가 안됩니다,진심으로 좋아해서 그럴 거예요,2
좋아하는 여자애랑 같은 반이 됐어,좋겠네요,2
좋아하는 여자애한테 어떻게 하면 좋은 인상을 남길 수 있을까,우선 좋아하는 스타일을 알아보세요,2
좋아하는 여자의 단점을 들었는데 어떻게 해야할지 모르겠어 답답해,좋아했던 만큼 쉬운 결정을 아닐거예요,2
좋아하는 여자한테 연락 하지 말자고 했는데 후회해,그게 최선의 선택이었을 거예요,2
좋아하는 오빠가 최근에 연락이 계속 늦거나 이어지지 않는데 그냥 연락 끊어야 할까,그러는 것이 맘 편할지도 몰라요,2
좋아하는 티를 많이 내도 문제야,사랑스러울 것 같아요,2
좋아하는데 자꾸 시비걸게 돼요,괜히 질투가 나서 그럴지도 몰라요,2
좋아하는지 확신이 안들어,그분이 다른 사람과 함께 있는 상황을 생각해봐요 느낌이 올 거예요,2
좋아하던 사람에 대한 감정으로 내가 너무 힘들어,정들었나봐요,2
좋아하면 어떤 느낌일까,설레서 잠도 못자는 느낌이요,2
좋아해,고백하세요,2
좋아했지만 고백은 못하겠어,애틋한 사랑이네요,2
좋은 사람 있으면 소개시켜줘,주변 사람들에게 부탁해보세요,2
주변 이성이 많은 여자친구 어떡해,신경쓰이고 질투난다고 이야기해보세요,2
죽음을 뛰어넘는 사람,이보다 멋진 사랑은 없을 거예요,2
지금 남친을 별로 안좋아하는 것 같은데,정리를 하는게 좋겠어요,2
지금 이 순간이 깨지지 않았으면 좋겠어,참 행복한가봐요,2
진심으로 사랑하는 여자와,함께하길 바랍니다,2
진짜 나를 좋아하는 남자랑 사귈 걸,어떤 선택이든 후회가 남기 마련이에요,2
집앞에서 첫사랑 만남,우연한 만남이네요,2
집착을 줄이고싶어,자신에게 더 집착해봐요,2
짝남 내일 모레 출국이래,많이 서운하겠어요,2
짝남 마주치지 않으려고 노력할거야,그것도 하나의 방법이에요,2
짝남 보란듯이 잊어주겠어,좋은 생각이에요,2
짝남 그냥 연락 끊긴지 오래됐는데 연락하는 거 오바야,후회하는 것 보단 연락하고 결정하는게 좋겠어요,2
짝남 잊으려고 나 혼자 나쁘게 생각하는 내 자신이 증오스러워,짝사랑을 하다 지치면 그럴 수 있어요,2
짝남 표정 안좋아서 괜히 신경 쓰여,신경 쓰일거라 생각해요,2
짝남보다 더 나은 사람은 없을거야,더 나은 사람 많아요,2
짝남은 짝남일 뿐인가,사랑으로 이어질 수 있어요,2
짝남이 고시생이면 기다려야 하나요,기다릴 수 있다면 기다리세요,2
짝남이 나를 좋아하는 애의 친구인데 어떡해,상황이 복잡하네요,2
짝남이 날 신경쓰는 것 같은 건 내 착각일까,좀 더 지켜보는 것도 좋겠어요,2
짝남이 내가 좋아하는 거 알아버림,이런,2
짝남이 다른 여자를 좋아하는 걸 보니 자존감이 떨어져,자존감은 자신만 결정할 수 있는 거예요,2
짝남이 생겼는데 뭐부터 해야할까,일단 자연스럽게 연락을 해보세요,2
짝남이 운동선수인데 연락하면 귀찮아할까,방해가 되지 않는 시간에 보내보세요,2
짝남이 잘생긴건 아닌데 착해,외모는 중요하지 않죠,2
짝남이 좋아하는 사람이 있대요,저까지 마음이 안좋네요,2
짝남이랑 같이 도서관 가고 싶어 방법 좀,공부 도와달라고 해보세요,2
짝남이랑 만나기로 했는데 뭐 할지 추천 좀,가볍게 밥 먹고 영화 보는 거 어떨까요,2
짝남이랑 약속 파토 남,아쉽네요,2
짝남이랑 카톡이 끊겼는데 어떻게 더 연락할까,연락할 핑계를 찾아보세요,2
짝남한테 같이 공부하러 가자고 해볼까,공부 도와달라고 해보세요,2
짝남한테 고백했는데 잘 됐으면 좋겠다,잘 됐으면 좋겠어요,2
짝남한테 문자 왔어,뭐라고 했는지 궁금하네요,2
짝남한테 아침에 데이트 신청했는데 오늘 야근이야,하필 왜 오늘 야근일까요,2
짝남한테 정 떼는 방법 없나,쉬운 일은 아니에요,2
짝남한테 혼자 화나고,혼자 화가 풀리곤 해요,2
짝녀 나한테 마음이 있는걸까,직접 대화를 나눠보는 건 어떨까요,2
짝녀 보란 듯이 성공하고 싶습니다,큰 결심이네요 꼭 성공할 거예요,2
짝녀 알바 그만둬서 못나는데 연락처 물어보면 싫어할까,그래도 마지막이니 물어보는게 좋겠어요,2
짝녀 줄 센스있는 선물 추천 좀 해주세요,그녀가 무엇을 좋아하는지 주변에 물어봐요,2
짝녀가 나를 좋아하는 애의 절친이야,마음의 정리를 해야하는 시기가 올지도 모르겠어요,2
짝녀가 내 친구를 좋아해,엉킨 사랑의 짝대기네요,2
짝녀가 다른반인데 친해지는 방법없을까,다른 반 친구를 사겨보세요,2
짝녀가 여친이 되었습니다,축하드려요,2
짝녀가 우리 과에서 인기가 너무 많아,사람들 보는 눈이 비슷하죠,2
짝녀가 있는데 내게 연애는 사치인거 같아,연애가 사치인 사람은 없어요,2
짝녀가 좋아하는 사람 있거나 남친 있으면 포기하는 이유가 뭐임,그 사람에 대한 예의일 것 같아요,2
짝녀랑 갑자기 어색해졌습니다,무슨 실수를 했나봐요,2
짝녀랑 얼굴 마주보고 대화할 때 미칠 것 같아,정말 떨리죠,2
짝녀를 반 애들 다 알게 공개적으로 좋아하면 싫어할까요,부담스러워할 수도 있어요,2
짝녀와 자연스럽게 친해질 수 있는 방법 좀,공통 관심사를 찾아보세요,2
짝녀한테 고백했는데 짝녀가 오해하게 해서 너무 미안하다네요,안타깝게 생각해요,2
짝녀한테 여러 번 차였는데 사귈 수 있을까요,진심이 언젠간 통할지도 몰라요,2
짝녀한테 주말에 보자고 연락했는데 일정이 있대요 언제되는지 계속 물어도 될까요,거절의 뜻으로 생각되면 그만하는게 낫겠네요,2
짝녀한테도 철벽쳐요 성격이 왜 그럴까요,두려운게 있는게 아닐까요,2
짝사랑 중이었는데 솔로 탈출했어요,좋은 소식이네요,2
짝사랑 중인데 이 세상에 나만 힘든 것 같아,짝사랑은 자신을 외롭게 만들어요,2
짝사랑 하는 남자 때문에 하루에도 몇 번 기분이 달라져,짝사랑에 기분이 오락가락하죠,2
짝사랑 하는 사람을 보냈습니다 위로해 주세요,정말 맘고생 많았어요,2
짝사랑 하는 상대가 나를 싫어하는 것 같애,그것만큼 마음 아픈 일도 없겠네요,2
짝사랑 하는 여자에 대한 고민 좀 들어주세요,말씀해보세요,2
짝사랑 하던 사람이랑 썸 타고 싶어,먼저 연락해보는 것도 좋을 것 같습니다,2
짝사랑 해봤어,해봤어요,2
짝사랑 힘들어,그래도 좋아하는 동안 행복하길 바라요,2
짝사랑에서 연인으로 발전하려면 어떻게 해야 해,나의 존재를 인지시켜야죠,2
짝사랑은 힘든 거 같아,그래도 좋아하는 동안 행복하길 바라요,2
짝사랑이 이뤄지지 않을 것 같은데 계속 좋아해도 될까,좋아하지 않는다고 생각해서 좋아해지지 않는다면요,2
짝사랑중인데 그 애는 저를 잘 알지 못하는데 연락을 하면 놀랠까요,갑자기 연락하면 놀라겠죠,2
짝사랑하는 여자가 저를 싫어하나봅니다,그렇게 생각하게된 계기가 있었나봐요,2
차 없으면 데이트 못해,걸어다니면서 하는 데이트가 진정한 데이트죠,2
착해서 잘해주는 건지 좋아하는 건지,직접 물어보세요,2
천년의 짝사랑이 식는 기분,실망스러운 일이 있었나봐요,2
첫눈에 반함,운명적인 사랑이네요,2
첫사랑 생각나,소중했던 추억이라고 생각해보세요,2
첫사랑을 다시 만났어,새로운 사랑의 시작이 되길 바라요,2
청첩장 골랐어,누구한테 줄지 생각해 보세요,2
청첩장 만들어야지,결혼 얼마 안 남았나봐요,2
최소 썸인 듯,고민 하고 있으면 썸의 가능성이 높겠네요,2
취준생인데 연애 해도 될까,취업이랑 연애 둘 다 잘할 수 있을 거예요,2
친구 사이로도 못 지낼 것 같아,계속 생각날테니 그럴만 해요,2
친구도 아니고 사귀는 사이도 아닌데 뭐지,본인의 감정에 귀 기울여보세요,2
친구들이 짝녀를 별로라고 하네요,무슨 이유에서 그랬을까요,2
친구로 남는게 좋을까 그냥 고백할까,그 사이면 고백하는 게 좋겠어요,2
친구의 남친 좋아하게 된 거 같아,사랑은 쟁취하는 거예요,2
친구인데 고백해도 될까,솔직한 마음으로 다가가보세요,2
친한 친구가 저를 좋아하는 것 같아요,친구사이가 깨질까 걱정되나봐요,2
카톡하고 싶고 자꾸 생각나고 그러면 좋아하는 건가,아마 그럴 거예요,2
커뮤니티 하는 썸남 어때,그게 무슨 문제인가요,2
커플여행이 나을까 그냥 우리끼리 갈까,저는 둘이 가는 게 좋아요,2
큰 시험 앞두고 짝사랑 하는 사랑이 생겼어요,마음을 다잡는게 좋겠어요,2
키 작은 남자 좋아하는 여자 있나요,취향이니까요,2
팀장님을 좋아하게 됐는데 고백하면 안되겠지,서로의 마음에 확신이 들 때 고백하세요,2
풋풋한 사랑 하고 싶어,설렘이 그리운가봐요,2
하고 많은 사람 중에 왜 나야,당신이니까요,2
하우스푸어될듯,열심히 갚아 나가세요,2
학교에 좋아하는 오빠한테 어떻게 다가갈까,과제나 상담을 핑계로 다가가는 건 어떨까요,2
학원에 좋아하는 여자애가 있는데 말 거는 방법 좀,음료수라도 전하면서 대화를 나눠봐요,2
한쪽만 호감이면,짝사랑입니다,2
헤어졌는데도 좋아하는거 별로임,헤어지면 남이죠,2
헤어진 여자친구랑 썸부터 시작할 수 있을까,완전히 똑같은 시작은 힘들겠지요,2
혈액형이 성격이랑 무슨 상관이지,상관 없는 거 같아요,2
혼자 노력하는 연애인 거 같아,힘들면 잠시 놓는것도 방법이에요,2
혼자 좋아하는 이야기,힘들겠지만 제게 말해보세요,2
화이트데이에 고백할까요,선물을 주면서 솔직하고 당당하게 고백해보세요,2
회사 짝남 오빠 게임 초대 톡 옴,설렜을텐데 아쉽겠어요,2
후회 없이 사랑하고 싶어,진심으로 다가가 보세요,2
힘들어서 결혼할까봐,도피성 결혼은 하지 않길 바라요,2
